"name"                  ,"registered","dob"       ,"id"              ,"faculty","password"
"Jessica White"         ,"True"      ,"7/2/1988"  ,"Jessica44632"    ,"fa4"    ,"lfEso14"
"Anthony Smith"         ,"True"      ,"18/6/1968" ,"Anthony30271"    ,"fa4"    ,"IUfJM24"
"Maria Ortega"          ,"True"      ,"15/5/1995" ,"Maria18143"      ,"fa3"    ,"FshQV70"
"John Vargas"           ,"False"     ,"9/3/1947"  ,"John12067"       ,"fa4"    ,"bXMCo60"
"Susan Walton"          ,"True"      ,"6/11/1981" ,"Susan21775"      ,"fa3"    ,"FXpFy61"
"Nicholas Oliver"       ,"False"     ,"9/2/1950"  ,"Nicholas26814"   ,"fa4"    ,"GaCll25"
"Sarah Harper"          ,"True"      ,"11/9/1965" ,"Sarah7226"       ,"fa4"    ,"mooMY03"
"Adrian Bonilla"        ,"False"     ,"8/5/1995"  ,"Adrian26379"     ,"fa3"    ,"IybPm45"
"Brandy Riddle"         ,"True"      ,"7/8/1956"  ,"Brandy23052"     ,"fa4"    ,"xFKIu01"
"Jordan Wright"         ,"False"     ,"12/1/1942" ,"Jordan21546"     ,"fa3"    ,"SXXYP05"
"Bonnie Washington"     ,"False"     ,"22/7/1995" ,"Bonnie47460"     ,"fa3"    ,"VLFCk58"
"Benjamin Meyer"        ,"True"      ,"13/10/1953","Benjamin18019"   ,"fa4"    ,"ogGMI13"
"Brenda Hernandez"      ,"False"     ,"30/5/1960" ,"Brenda6522"      ,"fa3"    ,"ZvoZE02"
"Kevin Wright"          ,"True"      ,"6/1/2000"  ,"Kevin45515"      ,"fa4"    ,"Etocx03"
"Rebecca Griffin"       ,"True"      ,"24/7/1991" ,"Rebecca16941"    ,"fa1"    ,"uaUae27"
"Christopher Jones"     ,"True"      ,"23/3/1954" ,"Christopher43563","fa3"    ,"cHwXN89"
"Emily Chan"            ,"True"      ,"2/12/1957" ,"Emily34795"      ,"fa3"    ,"IwIMB35"
"Tom Lee"               ,"True"      ,"28/12/1997","Tom46453"        ,"fa1"    ,"lbqPW22"
"Heidi Kelly"           ,"True"      ,"10/10/1987","Heidi16236"      ,"fa1"    ,"ekoIn87"
"Scott Mitchell"        ,"True"      ,"13/12/1984","Scott23908"      ,"fa2"    ,"hwqIF26"
"Jodi Ware"             ,"False"     ,"8/4/2001"  ,"Jodi215"         ,"fa4"    ,"XBbBH32"
"Nathan Welch"          ,"False"     ,"11/9/1950" ,"Nathan39067"     ,"fa1"    ,"ouzHJ54"
"Emily Riggs"           ,"True"      ,"3/12/1956" ,"Emily37393"      ,"fa1"    ,"FMJvd32"
"Andrew Pace"           ,"True"      ,"7/11/1966" ,"Andrew8249"      ,"fa1"    ,"uhpDM80"
"Lisa Santos"           ,"False"     ,"9/6/1948"  ,"Lisa3306"        ,"fa3"    ,"IxjHa03"
"Nathaniel Gross"       ,"True"      ,"11/10/1969","Nathaniel5748"   ,"fa2"    ,"iKpPI99"
"Heather Fischer"       ,"False"     ,"25/10/1976","Heather20013"    ,"fa2"    ,"GOgVn46"
"William Hughes"        ,"False"     ,"29/4/1967" ,"William29827"    ,"fa3"    ,"wyuxO10"
"Jessica Robertson"     ,"True"      ,"28/10/1964","Jessica15675"    ,"fa4"    ,"nttVU96"
"Tyler King"            ,"False"     ,"5/11/1942" ,"Tyler33979"      ,"fa3"    ,"TyEav39"
"Crystal Johnson"       ,"False"     ,"16/7/1959" ,"Crystal48275"    ,"fa3"    ,"IKSKC39"
"Steven Preston"        ,"False"     ,"8/4/1952"  ,"Steven10970"     ,"fa3"    ,"mYIqh01"
"Emily Ellis"           ,"False"     ,"15/4/1978" ,"Emily13090"      ,"fa4"    ,"RySwQ05"
"Richard Henderson"     ,"False"     ,"21/5/1987" ,"Richard48534"    ,"fa2"    ,"CsBVt75"
"Lindsay Hampton"       ,"True"      ,"11/5/1969" ,"Lindsay41723"    ,"fa1"    ,"aIYgp29"
"Paul Jones"            ,"True"      ,"7/4/1966"  ,"Paul43112"       ,"fa3"    ,"zsavx00"
"Tammy Martin"          ,"False"     ,"16/3/1956" ,"Tammy20339"      ,"fa2"    ,"zvSMe10"
"William Murray"        ,"True"      ,"14/12/1968","William24911"    ,"fa4"    ,"GcCIb22"
"Brittney Phillips"     ,"False"     ,"3/5/1998"  ,"Brittney33343"   ,"fa1"    ,"TOGLI84"
"Andrew Wright"         ,"False"     ,"9/5/1998"  ,"Andrew663"       ,"fa2"    ,"nCWrd75"
"Krystal Adams"         ,"True"      ,"13/3/1959" ,"Krystal11915"    ,"fa4"    ,"fxcpe20"
"Maurice Marshall"      ,"True"      ,"9/6/1949"  ,"Maurice4552"     ,"fa1"    ,"WDTCR23"
"Amy Ramsey"            ,"True"      ,"5/12/1990" ,"Amy33866"        ,"fa4"    ,"MtjYc38"
"John Richardson"       ,"True"      ,"23/5/1985" ,"John4517"        ,"fa1"    ,"wPdsO07"
"Tracy Hill"            ,"False"     ,"26/11/1958","Tracy49209"      ,"fa1"    ,"YyfQk26"
"Jose Summers"          ,"False"     ,"9/1/1949"  ,"Jose8718"        ,"fa4"    ,"AzaOM46"
"Jennifer Jones"        ,"True"      ,"14/12/1944","Jennifer24856"   ,"fa3"    ,"Kgqzg34"
"Melvin Kim"            ,"False"     ,"21/3/1946" ,"Melvin24678"     ,"fa3"    ,"zFaPC97"
"Candice Morrison"      ,"True"      ,"23/3/1969" ,"Candice49303"    ,"fa1"    ,"ClJBS78"
"Gerald Bridges"        ,"False"     ,"8/5/1965"  ,"Gerald42888"     ,"fa3"    ,"RdDGB20"
"Rebecca Moore"         ,"True"      ,"25/10/1982","Rebecca38250"    ,"fa3"    ,"lwXve80"
"Jeffrey Garza"         ,"True"      ,"4/12/1981" ,"Jeffrey8594"     ,"fa3"    ,"SnaGh02"
"Laurie Dunn"           ,"False"     ,"8/4/1967"  ,"Laurie24225"     ,"fa3"    ,"PSJGz67"
"Jake Gardner"          ,"False"     ,"5/4/2000"  ,"Jake15379"       ,"fa4"    ,"GxPgs00"
"Laura Smith"           ,"False"     ,"1/5/1993"  ,"Laura39685"      ,"fa4"    ,"IIagC69"
"Andrew Anderson"       ,"True"      ,"7/10/1972" ,"Andrew4196"      ,"fa4"    ,"sIrtB26"
"Tiffany Robinson"      ,"True"      ,"10/7/1994" ,"Tiffany1895"     ,"fa1"    ,"eikhf98"
"Joe Horne"             ,"True"      ,"28/1/1996" ,"Joe14921"        ,"fa2"    ,"qMBNU35"
"Jessica Guzman"        ,"False"     ,"4/3/1977"  ,"Jessica48586"    ,"fa3"    ,"CeNQk73"
"Bryan Cannon"          ,"True"      ,"7/6/1995"  ,"Bryan32353"      ,"fa1"    ,"sHrsA04"
"Diana Johnston"        ,"False"     ,"6/2/1944"  ,"Diana28580"      ,"fa3"    ,"VOXZf40"
"Franklin Perez"        ,"True"      ,"5/11/1950" ,"Franklin22624"   ,"fa4"    ,"tAlzF57"
"Amanda Hall"           ,"False"     ,"20/6/1988" ,"Amanda11678"     ,"fa2"    ,"ArgVq49"
"Isaiah Sandoval"       ,"False"     ,"11/7/1961" ,"Isaiah38792"     ,"fa4"    ,"xfYhn30"
"Melissa Burke"         ,"True"      ,"29/11/1998","Melissa37294"    ,"fa2"    ,"rJNDX06"
"Phillip Williams"      ,"False"     ,"24/9/1962" ,"Phillip25999"    ,"fa3"    ,"SgCWy07"
"Isabel Johnson"        ,"True"      ,"23/2/1942" ,"Isabel22869"     ,"fa2"    ,"EwmvW97"
"Michael Murillo"       ,"True"      ,"5/1/1997"  ,"Michael15731"    ,"fa3"    ,"ycvjQ45"
"Jillian Maynard"       ,"True"      ,"16/11/1987","Jillian17864"    ,"fa2"    ,"GlxAJ08"
"John Henderson"        ,"False"     ,"25/6/1966" ,"John11986"       ,"fa4"    ,"zKdhC39"
"Michelle Torres"       ,"True"      ,"30/12/1975","Michelle39458"   ,"fa2"    ,"hMyrk55"
"Charles Gray"          ,"False"     ,"28/1/1951" ,"Charles14798"    ,"fa2"    ,"cYBwP55"
"Jessica Casey"         ,"True"      ,"13/2/1951" ,"Jessica25442"    ,"fa2"    ,"tJHNC92"
"David Parker"          ,"False"     ,"8/7/1981"  ,"David1906"       ,"fa2"    ,"UOYjB98"
"Jennifer Fisher"       ,"True"      ,"14/2/1972" ,"Jennifer41513"   ,"fa2"    ,"FQCxT79"
"Keith Bowman"          ,"False"     ,"30/12/1965","Keith14156"      ,"fa4"    ,"ziFhg85"
"Vanessa Spence"        ,"False"     ,"19/12/1941","Vanessa14038"    ,"fa2"    ,"npAqj42"
"Eric King"             ,"True"      ,"3/9/1955"  ,"Eric8391"        ,"fa2"    ,"LKZSq44"
"Nicole Taylor"         ,"True"      ,"23/11/1959","Nicole30953"     ,"fa1"    ,"bYjIe24"
"Jordan Lopez"          ,"True"      ,"21/7/1962" ,"Jordan1055"      ,"fa2"    ,"npmjZ44"
"Amanda Orozco"         ,"False"     ,"15/11/1982","Amanda10306"     ,"fa4"    ,"woZyR80"
"Terry Chapman"         ,"True"      ,"3/7/1963"  ,"Terry36572"      ,"fa4"    ,"EIFqE92"
"Deanna Stephens"       ,"False"     ,"28/12/1947","Deanna42496"     ,"fa2"    ,"iBRox27"
"Riley Watkins"         ,"True"      ,"13/6/1994" ,"Riley31223"      ,"fa1"    ,"KLooT95"
"Christina Cook"        ,"False"     ,"11/9/1974" ,"Christina16121"  ,"fa1"    ,"DbtLB76"
"Billy Crosby"          ,"True"      ,"7/11/1975" ,"Billy18821"      ,"fa2"    ,"OyksR38"
"Angel Johnston"        ,"False"     ,"12/12/1999","Angel21242"      ,"fa3"    ,"fSfET24"
"Nicholas Guzman"       ,"True"      ,"9/7/1985"  ,"Nicholas11780"   ,"fa3"    ,"mOsBS31"
"Ashley Miller"         ,"True"      ,"20/5/1957" ,"Ashley43026"     ,"fa3"    ,"UHUBb15"
"Mark Turner"           ,"False"     ,"11/8/1975" ,"Mark17507"       ,"fa3"    ,"ehwCE61"
"Summer Hamilton"       ,"True"      ,"12/6/1983" ,"Summer3599"      ,"fa1"    ,"zHRWU08"
"Richard Anderson"      ,"False"     ,"18/7/1953" ,"Richard45325"    ,"fa2"    ,"hUFwZ22"
"Melissa Nelson"        ,"True"      ,"3/10/1968" ,"Melissa31883"    ,"fa1"    ,"dbATR98"
"Jack Edwards"          ,"False"     ,"28/1/1980" ,"Jack8747"        ,"fa3"    ,"iRcIS58"
"Erica Wong"            ,"True"      ,"22/5/1968" ,"Erica48128"      ,"fa1"    ,"dIpdn13"
"Anthony Howard"        ,"True"      ,"2/5/1978"  ,"Anthony21893"    ,"fa4"    ,"UtjMS71"
"Katie Williams"        ,"True"      ,"14/5/1978" ,"Katie11514"      ,"fa2"    ,"AhLQE42"
"Cody Sullivan"         ,"False"     ,"15/5/1999" ,"Cody10269"       ,"fa4"    ,"wXGKQ14"
"Toni Wolfe"            ,"False"     ,"2/1/1952"  ,"Toni46091"       ,"fa3"    ,"UiUXw23"
"Collin Gonzalez"       ,"False"     ,"27/9/1998" ,"Collin38286"     ,"fa4"    ,"jemOb46"
"Cassandra Brown"       ,"False"     ,"4/10/1955" ,"Cassandra5627"   ,"fa4"    ,"MUnUV18"
"Kenneth Green"         ,"True"      ,"11/11/1999","Kenneth10976"    ,"fa1"    ,"cVFlU25"
"Kara Waters"           ,"False"     ,"22/6/1958" ,"Kara14912"       ,"fa4"    ,"mACyi71"
"Kenneth Meyer"         ,"True"      ,"27/11/1955","Kenneth16986"    ,"fa3"    ,"gtiru57"
"Sonya Rivers"          ,"False"     ,"17/3/1973" ,"Sonya49740"      ,"fa2"    ,"VXzQr99"
"Ryan Brown"            ,"False"     ,"5/4/1995"  ,"Ryan7762"        ,"fa1"    ,"kwHaK43"
"Cheryl Cunningham"     ,"True"      ,"8/11/1944" ,"Cheryl33154"     ,"fa1"    ,"WGRaj47"
"Dustin Jensen"         ,"False"     ,"20/5/1988" ,"Dustin41527"     ,"fa3"    ,"rIDYZ23"
"Sharon Page"           ,"True"      ,"2/3/1994"  ,"Sharon49269"     ,"fa1"    ,"wevfM98"
"Brian Kelly"           ,"False"     ,"1/12/1969" ,"Brian16813"      ,"fa3"    ,"aLmLm50"
"Stephanie Moreno"      ,"False"     ,"19/2/1953" ,"Stephanie21465"  ,"fa1"    ,"cKauY11"
"John Davis"            ,"False"     ,"30/4/1994" ,"John45182"       ,"fa2"    ,"QWrMm45"
"Katelyn Palmer"        ,"False"     ,"23/7/1940" ,"Katelyn48950"    ,"fa3"    ,"ZawYd84"
"Steven Chavez"         ,"True"      ,"19/7/1963" ,"Steven37288"     ,"fa3"    ,"MJILg08"
"Jennifer Torres"       ,"False"     ,"12/7/1995" ,"Jennifer34256"   ,"fa4"    ,"prEuh73"
"Mario Wright"          ,"False"     ,"11/10/1942","Mario6351"       ,"fa3"    ,"uiFRs63"
"Michelle Knight"       ,"True"      ,"11/5/1946" ,"Michelle1115"    ,"fa1"    ,"xkZbj12"
"James Murphy"          ,"True"      ,"21/10/1963","James34344"      ,"fa4"    ,"ReVVu16"
"Anna Alexander"        ,"True"      ,"12/10/1953","Anna8653"        ,"fa2"    ,"DmJHS05"
"Tyler Parker"          ,"False"     ,"8/12/1962" ,"Tyler15751"      ,"fa2"    ,"LhBAD33"
"Jessica Gonzalez"      ,"True"      ,"22/9/1973" ,"Jessica49521"    ,"fa4"    ,"TRvys46"
"Jeffrey Baldwin"       ,"False"     ,"3/9/1958"  ,"Jeffrey10523"    ,"fa1"    ,"XaCTH59"
"Elizabeth Smith"       ,"True"      ,"18/9/1967" ,"Elizabeth37567"  ,"fa4"    ,"FFQMF75"
"Stephen Jordan"        ,"True"      ,"30/6/1997" ,"Stephen18849"    ,"fa3"    ,"pUUEP52"
"Jessica Miranda"       ,"True"      ,"29/6/1985" ,"Jessica3165"     ,"fa1"    ,"sdOOT73"
"Robert Lowe"           ,"True"      ,"4/9/1960"  ,"Robert5733"      ,"fa3"    ,"TmAvO84"
"Heidi Davenport"       ,"True"      ,"5/7/2000"  ,"Heidi10009"      ,"fa1"    ,"IUjkR48"
"Jonathan Watson"       ,"False"     ,"12/10/1960","Jonathan19263"   ,"fa4"    ,"zvUre28"
"Carol Clarke"          ,"True"      ,"25/10/1967","Carol35147"      ,"fa4"    ,"XuKEG56"
"Justin Campbell"       ,"True"      ,"11/12/1971","Justin44503"     ,"fa1"    ,"vWhBx97"
"Mary Harrington"       ,"False"     ,"29/7/1981" ,"Mary3748"        ,"fa4"    ,"rVJMs04"
"Brandon Miller"        ,"True"      ,"24/3/1977" ,"Brandon26240"    ,"fa1"    ,"pQCYL38"
"Yolanda Bailey"        ,"False"     ,"24/2/1969" ,"Yolanda1318"     ,"fa1"    ,"QnuwF58"
"Robert Young"          ,"False"     ,"13/3/1943" ,"Robert21565"     ,"fa4"    ,"gBdaZ10"
"Andrea Singh"          ,"False"     ,"29/11/1954","Andrea31725"     ,"fa2"    ,"TZeVG30"
"Michael Young"         ,"False"     ,"5/3/1959"  ,"Michael7100"     ,"fa1"    ,"awTkr91"
"Megan Clark"           ,"False"     ,"5/9/1960"  ,"Megan25047"      ,"fa2"    ,"vMklp89"
"Shane Le"              ,"False"     ,"9/6/1985"  ,"Shane1935"       ,"fa3"    ,"qjJjo40"
"Kelly Swanson"         ,"True"      ,"13/11/1990","Kelly12186"      ,"fa4"    ,"otHbZ37"
"Fernando Alexander"    ,"True"      ,"9/5/1966"  ,"Fernando23419"   ,"fa4"    ,"zEdxc71"
"Cheryl Barnett"        ,"True"      ,"12/5/1948" ,"Cheryl28746"     ,"fa2"    ,"DymeR47"
"Brett Copeland"        ,"False"     ,"12/8/1956" ,"Brett12115"      ,"fa3"    ,"dknZj69"
"Theresa Young"         ,"False"     ,"13/3/1994" ,"Theresa35048"    ,"fa2"    ,"RkAFU92"
"Greg Norton"           ,"False"     ,"24/2/1953" ,"Greg47994"       ,"fa3"    ,"OSLIa31"
"Jennifer Shaw"         ,"False"     ,"30/5/1967" ,"Jennifer4652"    ,"fa4"    ,"BQPqT72"
"Duane Hogan"           ,"True"      ,"22/8/1980" ,"Duane25502"      ,"fa4"    ,"RYQdR80"
"Sarah Hodge"           ,"False"     ,"18/2/1977" ,"Sarah26256"      ,"fa3"    ,"vDGVY82"
"Daniel Ramirez"        ,"True"      ,"6/7/1974"  ,"Daniel67"        ,"fa3"    ,"YSsly21"
"Melissa Brown"         ,"True"      ,"7/3/1999"  ,"Melissa8022"     ,"fa3"    ,"DVnGN03"
"Nicholas Landry"       ,"True"      ,"1/6/1998"  ,"Nicholas812"     ,"fa4"    ,"gzWjO44"
"Melissa Roman"         ,"True"      ,"12/7/1949" ,"Melissa34385"    ,"fa4"    ,"oEEBn69"
"Lee Smith"             ,"False"     ,"8/7/1985"  ,"Lee32466"        ,"fa3"    ,"LXTry11"
"Jenny Wilson"          ,"False"     ,"12/3/1972" ,"Jenny14866"      ,"fa1"    ,"WQYoM79"
"Jorge Reyes"           ,"True"      ,"12/7/1966" ,"Jorge39429"      ,"fa1"    ,"RcnON22"
"Deanna Pittman"        ,"True"      ,"10/9/1947" ,"Deanna36878"     ,"fa2"    ,"pTQQg31"
"Richard Scott"         ,"True"      ,"12/8/1981" ,"Richard39836"    ,"fa2"    ,"fkdjA31"
"Katherine Andrews"     ,"False"     ,"10/5/1986" ,"Katherine43819"  ,"fa1"    ,"tCJRO14"
"Tyler Brown"           ,"False"     ,"22/3/1953" ,"Tyler49270"      ,"fa3"    ,"uDYkw68"
"Rebecca Miller"        ,"True"      ,"12/4/1947" ,"Rebecca309"      ,"fa1"    ,"EEnyt27"
"Aaron Moore"           ,"False"     ,"15/1/1974" ,"Aaron34416"      ,"fa4"    ,"npObs85"
"Madison Gomez"         ,"True"      ,"8/11/2000" ,"Madison17263"    ,"fa2"    ,"GdgKW26"
"Christopher Torres"    ,"False"     ,"23/7/1986" ,"Christopher13189","fa1"    ,"thGqM93"
"Tiffany Mann"          ,"True"      ,"24/8/1969" ,"Tiffany14682"    ,"fa2"    ,"QecMV59"
"William Conway"        ,"False"     ,"30/2/1973" ,"William5776"     ,"fa1"    ,"EgfuM26"
"Robin Nash"            ,"True"      ,"8/11/1987" ,"Robin12504"      ,"fa4"    ,"luQHl16"
"Jesus Martin"          ,"False"     ,"7/1/1998"  ,"Jesus19897"      ,"fa1"    ,"jCUiY89"
"Denise Weber"          ,"True"      ,"11/8/1982" ,"Denise45966"     ,"fa1"    ,"VKXnJ53"
"Christian Mason"       ,"False"     ,"10/2/1980" ,"Christian3832"   ,"fa2"    ,"fuSQW45"
"Diana Lynch"           ,"True"      ,"25/4/1946" ,"Diana5686"       ,"fa3"    ,"MpCpu34"
"Randy Gonzalez"        ,"True"      ,"23/11/1970","Randy18600"      ,"fa1"    ,"uLBZx97"
"Jennifer Johnson"      ,"False"     ,"29/5/1952" ,"Jennifer23209"   ,"fa1"    ,"RUKZJ30"
"Matthew Hawkins"       ,"False"     ,"15/12/1977","Matthew4640"     ,"fa3"    ,"xvcUu16"
"Brenda Nelson"         ,"False"     ,"2/10/1960" ,"Brenda33657"     ,"fa2"    ,"Ryfjd32"
"Jay Buck"              ,"True"      ,"17/12/1986","Jay7384"         ,"fa3"    ,"vObqn44"
"Tiffany Cox"           ,"True"      ,"14/3/1960" ,"Tiffany8225"     ,"fa2"    ,"PBlcc23"
"Donald Moreno"         ,"True"      ,"7/9/1988"  ,"Donald17207"     ,"fa2"    ,"CdbBH18"
"Karen Stewart"         ,"True"      ,"23/8/1991" ,"Karen36663"      ,"fa4"    ,"OCoEJ48"
"Andrew Fisher"         ,"True"      ,"4/6/1941"  ,"Andrew8773"      ,"fa2"    ,"MpiMX53"
"Gabrielle Miller"      ,"False"     ,"18/3/1949" ,"Gabrielle39636"  ,"fa1"    ,"nuOaA62"
"Juan York"             ,"True"      ,"15/2/1984" ,"Juan41945"       ,"fa2"    ,"SKoAd23"
"Brenda Holden"         ,"True"      ,"30/2/1956" ,"Brenda12710"     ,"fa2"    ,"IvUZr27"
"John Rose"             ,"False"     ,"6/4/1948"  ,"John48286"       ,"fa2"    ,"Vbesw05"
"Alicia Wilkinson"      ,"True"      ,"4/8/1945"  ,"Alicia48106"     ,"fa1"    ,"yxBXK44"
"Ronald Reilly"         ,"True"      ,"6/7/1950"  ,"Ronald6558"      ,"fa2"    ,"quSXD47"
"Anna Blake"            ,"False"     ,"1/6/1976"  ,"Anna2108"        ,"fa2"    ,"YJFTp76"
"Jacob Davis"           ,"True"      ,"2/11/1966" ,"Jacob43093"      ,"fa3"    ,"rNMue25"
"Michelle Bautista"     ,"False"     ,"29/12/1999","Michelle10620"   ,"fa3"    ,"tdvoS10"
"John Hendrix"          ,"True"      ,"20/11/1949","John42478"       ,"fa4"    ,"dJrqt16"
"Ann Mueller"           ,"False"     ,"26/5/1942" ,"Ann13257"        ,"fa1"    ,"ptFkS11"
"Dylan Johnson"         ,"True"      ,"18/1/1988" ,"Dylan4052"       ,"fa2"    ,"MUKlV22"
"Joanna Houston"        ,"False"     ,"4/4/1986"  ,"Joanna37884"     ,"fa1"    ,"VCDIy36"
"Kevin Nolan"           ,"False"     ,"27/11/1961","Kevin4330"       ,"fa3"    ,"McPXE18"
"Linda Watkins"         ,"False"     ,"7/11/1968" ,"Linda40575"      ,"fa2"    ,"NgyFi97"
"Maxwell Shepard"       ,"True"      ,"18/7/1947" ,"Maxwell3249"     ,"fa2"    ,"ATXNX24"
"Brenda Myers"          ,"True"      ,"21/12/1993","Brenda8781"      ,"fa3"    ,"YdPJj28"
"Eric Flynn"            ,"False"     ,"21/6/1974" ,"Eric4514"        ,"fa2"    ,"QuAkq40"
"Danielle Cook"         ,"True"      ,"29/5/1980" ,"Danielle33922"   ,"fa3"    ,"vElVm78"
"Gregory Durham"        ,"False"     ,"26/2/1990" ,"Gregory13581"    ,"fa3"    ,"mdKcN11"
"Tracy White"           ,"True"      ,"4/3/1945"  ,"Tracy13397"      ,"fa3"    ,"VoYCE44"
"Travis Morris"         ,"True"      ,"16/6/1973" ,"Travis38365"     ,"fa1"    ,"mCRLX99"
"Cynthia Stevens"       ,"False"     ,"11/9/1967" ,"Cynthia49970"    ,"fa2"    ,"HmOSb07"
"Gordon Smith"          ,"True"      ,"29/1/1942" ,"Gordon19049"     ,"fa4"    ,"Hcjxr49"
"Sarah Good"            ,"True"      ,"17/12/1978","Sarah42365"      ,"fa1"    ,"jHXRm21"
"Henry Harris"          ,"False"     ,"10/9/1967" ,"Henry12107"      ,"fa3"    ,"jAFNW61"
"Margaret Mcdaniel"     ,"False"     ,"4/7/1984"  ,"Margaret44118"   ,"fa4"    ,"wNFlv00"
"Phillip Martinez"      ,"False"     ,"13/4/1976" ,"Phillip5871"     ,"fa4"    ,"ALYrt29"
"Amber Jones"           ,"False"     ,"14/8/1959" ,"Amber4545"       ,"fa4"    ,"vrLKs24"
"Gary Williams"         ,"True"      ,"22/9/1966" ,"Gary37800"       ,"fa2"    ,"dRigs92"
"Lauren Hernandez"      ,"True"      ,"26/10/1999","Lauren9045"      ,"fa2"    ,"kkoze24"
"Robert Hart"           ,"False"     ,"5/7/1943"  ,"Robert9271"      ,"fa4"    ,"QdmZn40"
"Megan Johnson"         ,"True"      ,"14/1/1977" ,"Megan38212"      ,"fa2"    ,"jRJrp33"
"Joseph Ortega"         ,"True"      ,"10/7/1999" ,"Joseph14101"     ,"fa3"    ,"waUAb74"
"Denise Vasquez"        ,"False"     ,"2/10/1996" ,"Denise8043"      ,"fa2"    ,"qrngP54"
"Richard Williams"      ,"True"      ,"18/7/1993" ,"Richard40200"    ,"fa2"    ,"gEpsv55"
"Jacqueline Bell"       ,"False"     ,"16/12/1986","Jacqueline32968" ,"fa1"    ,"YeqXi27"
"James Garner"          ,"False"     ,"16/7/1986" ,"James37311"      ,"fa4"    ,"PPJQu62"
"Melissa Smith"         ,"True"      ,"20/12/1999","Melissa12913"    ,"fa3"    ,"tkpCr16"
"Joseph Harris"         ,"True"      ,"11/6/1997" ,"Joseph26028"     ,"fa3"    ,"xKdGH05"
"Alexis Hart"           ,"True"      ,"3/9/1988"  ,"Alexis37343"     ,"fa1"    ,"irkpC71"
"Robert Willis"         ,"True"      ,"19/4/1945" ,"Robert48118"     ,"fa1"    ,"iTGsA43"
"Jennifer Guerra"       ,"False"     ,"18/1/1962" ,"Jennifer41127"   ,"fa1"    ,"onJdb64"
"Timothy Young"         ,"False"     ,"16/7/1959" ,"Timothy5804"     ,"fa4"    ,"TJMjq87"
"Emily Walker"          ,"False"     ,"2/3/1975"  ,"Emily18410"      ,"fa1"    ,"AkrVe70"
"Eddie Blair"           ,"True"      ,"11/8/1999" ,"Eddie23260"      ,"fa1"    ,"Mzhfi31"
"Lynn Stokes"           ,"False"     ,"19/1/1958" ,"Lynn15643"       ,"fa3"    ,"SpmVH44"
"Reginald Lewis"        ,"False"     ,"16/4/1996" ,"Reginald7446"    ,"fa3"    ,"bdadx78"
"Carrie Peck"           ,"True"      ,"22/7/1940" ,"Carrie6188"      ,"fa3"    ,"IRFIo04"
"Shawn Jones"           ,"False"     ,"6/2/1985"  ,"Shawn43005"      ,"fa1"    ,"lJdNR66"
"Brandy Reed"           ,"True"      ,"25/12/1975","Brandy33681"     ,"fa2"    ,"SqMHe99"
"Jeremy Miller"         ,"True"      ,"15/1/2001" ,"Jeremy4567"      ,"fa3"    ,"kybem48"
"Tammy Wright"          ,"True"      ,"23/5/1946" ,"Tammy8792"       ,"fa2"    ,"QxhmT96"
"Paul Jimenez"          ,"False"     ,"6/7/1993"  ,"Paul45540"       ,"fa2"    ,"oWmCp16"
"Ashley Miller"         ,"False"     ,"14/6/1968" ,"Ashley13886"     ,"fa3"    ,"BXAuy16"
"David Peterson"        ,"False"     ,"15/11/1967","David18805"      ,"fa4"    ,"XqGCn98"
"Courtney Reynolds"     ,"True"      ,"25/12/2000","Courtney1067"    ,"fa1"    ,"LRCBk65"
"Brandon Joyce"         ,"False"     ,"12/6/1948" ,"Brandon29615"    ,"fa1"    ,"jmczq29"
"Allison Miller"        ,"True"      ,"1/2/1992"  ,"Allison29991"    ,"fa4"    ,"fHUhj56"
"Logan Hoffman"         ,"False"     ,"20/8/1944" ,"Logan28100"      ,"fa1"    ,"CkJeo44"
"Rachael Walker"        ,"True"      ,"21/1/1967" ,"Rachael43855"    ,"fa4"    ,"SbZrZ36"
"Nathan Williams"       ,"False"     ,"4/2/1986"  ,"Nathan12189"     ,"fa3"    ,"LRehB95"
"Amber Key"             ,"True"      ,"27/6/1947" ,"Amber37859"      ,"fa4"    ,"faQHC07"
"Joshua Haney"          ,"False"     ,"10/6/1994" ,"Joshua46152"     ,"fa3"    ,"pDyBv61"
"Lauren Harper"         ,"False"     ,"18/5/1963" ,"Lauren21090"     ,"fa1"    ,"zodcK62"
"Vincent Green"         ,"True"      ,"20/5/1952" ,"Vincent12492"    ,"fa3"    ,"nZlOe84"
"Jennifer Archer"       ,"True"      ,"24/7/1997" ,"Jennifer48029"   ,"fa4"    ,"poKde47"
"Kent Williamson"       ,"False"     ,"10/12/2000","Kent13054"       ,"fa2"    ,"kIArW63"
"Elizabeth Shah"        ,"False"     ,"9/4/1960"  ,"Elizabeth4427"   ,"fa3"    ,"TzGGJ35"
"Jack Nielsen"          ,"False"     ,"22/11/1966","Jack38607"       ,"fa1"    ,"mIOnw57"
"Destiny Ford"          ,"True"      ,"7/12/1974" ,"Destiny7633"     ,"fa3"    ,"ofPoP18"
"John Edwards"          ,"False"     ,"14/4/1986" ,"John30196"       ,"fa1"    ,"uHPDY52"
"Rebecca Burke"         ,"False"     ,"24/3/1975" ,"Rebecca26899"    ,"fa2"    ,"SRich48"
"David Salazar"         ,"False"     ,"9/3/1969"  ,"David7154"       ,"fa1"    ,"Wesnl76"
"Emily Harrington"      ,"False"     ,"13/2/1950" ,"Emily8317"       ,"fa2"    ,"SBMwa20"
"Jack Barr"             ,"False"     ,"18/10/1981","Jack5851"        ,"fa4"    ,"hVbfF48"
"Dana Mueller"          ,"True"      ,"9/5/1967"  ,"Dana49682"       ,"fa2"    ,"qYSxZ71"
"Curtis Thompson"       ,"True"      ,"13/6/1979" ,"Curtis44680"     ,"fa3"    ,"qeLOe67"
"Lisa Smith"            ,"False"     ,"4/7/2000"  ,"Lisa537"         ,"fa3"    ,"pgddN85"
"Leslie Sims"           ,"False"     ,"20/6/1959" ,"Leslie3632"      ,"fa3"    ,"CLalX86"
"Tina Morgan"           ,"True"      ,"28/3/1997" ,"Tina37144"       ,"fa1"    ,"KxaeK38"
"Devon Wood"            ,"True"      ,"24/6/1952" ,"Devon11398"      ,"fa3"    ,"HgZtd04"
"Monique Wilson"        ,"False"     ,"7/3/1967"  ,"Monique7516"     ,"fa3"    ,"oBbmg64"
"Dennis Grant"          ,"False"     ,"17/5/1958" ,"Dennis30643"     ,"fa2"    ,"wAwPV44"
"Tracy Smith"           ,"False"     ,"28/7/1957" ,"Tracy11215"      ,"fa4"    ,"gMoqc13"
"Jason Hicks"           ,"True"      ,"1/12/1983" ,"Jason30834"      ,"fa1"    ,"hyIje94"
"Ann Montgomery"        ,"False"     ,"5/11/1957" ,"Ann9435"         ,"fa4"    ,"ivAMa98"
"Jeffrey Hartman"       ,"True"      ,"16/4/1971" ,"Jeffrey16342"    ,"fa1"    ,"Dnsbg11"
"Courtney Mcdowell"     ,"True"      ,"5/4/1992"  ,"Courtney309"     ,"fa1"    ,"uwyyv98"
"Kevin Davis"           ,"False"     ,"26/2/1955" ,"Kevin46430"      ,"fa4"    ,"uNSOd26"
"Cathy Harrison"        ,"True"      ,"28/5/1992" ,"Cathy12812"      ,"fa1"    ,"YoOvS75"
"Richard Harris"        ,"True"      ,"27/5/1974" ,"Richard16146"    ,"fa4"    ,"FRHEe08"
"Jenna Jones"           ,"False"     ,"1/1/1948"  ,"Jenna30143"      ,"fa3"    ,"yoOhM05"
"Kevin Shelton"         ,"False"     ,"27/5/1978" ,"Kevin37882"      ,"fa4"    ,"vegCe90"
"Kimberly George"       ,"True"      ,"9/9/1942"  ,"Kimberly28927"   ,"fa3"    ,"GBWRX36"
"Danny Church"          ,"True"      ,"17/9/1940" ,"Danny32666"      ,"fa2"    ,"lYJtF71"
"Laura Nelson"          ,"False"     ,"22/6/1994" ,"Laura13846"      ,"fa2"    ,"MKnHP01"
"Ryan Madden"           ,"True"      ,"10/8/1944" ,"Ryan15601"       ,"fa1"    ,"PdWiz34"
"Amber Castillo"        ,"True"      ,"26/4/1940" ,"Amber4372"       ,"fa1"    ,"RYifa55"
"Zachary Dyer"          ,"False"     ,"11/7/1944" ,"Zachary46986"    ,"fa3"    ,"olXFy40"
"Lori Clay"             ,"False"     ,"23/10/1944","Lori42948"       ,"fa4"    ,"ooUFq96"
"Gregory Lopez"         ,"False"     ,"22/1/1990" ,"Gregory17124"    ,"fa1"    ,"kKDXk01"
"Brenda Ryan"           ,"False"     ,"27/6/1977" ,"Brenda39904"     ,"fa3"    ,"ZRtZd19"
"David Jones"           ,"False"     ,"1/7/1986"  ,"David39736"      ,"fa2"    ,"WujvQ60"
"Dana Jackson"          ,"False"     ,"9/6/1963"  ,"Dana32571"       ,"fa1"    ,"dsrAF99"
"Patrick Hudson"        ,"True"      ,"21/8/1971" ,"Patrick49018"    ,"fa2"    ,"tYmaE90"
"Olivia Calderon"       ,"True"      ,"22/10/1997","Olivia18389"     ,"fa2"    ,"JmLfX79"
"Clifford Collins"      ,"False"     ,"27/2/1976" ,"Clifford4454"    ,"fa3"    ,"LnCKs20"
"Laura Walters"         ,"False"     ,"8/9/1962"  ,"Laura47799"      ,"fa2"    ,"uPrxx82"
"Patrick Stark"         ,"True"      ,"14/9/1991" ,"Patrick32832"    ,"fa2"    ,"NuETm05"
"Shelley Sawyer"        ,"False"     ,"1/1/1981"  ,"Shelley31481"    ,"fa1"    ,"GqSYq51"
"Ray Palmer"            ,"True"      ,"1/12/1970" ,"Ray33900"        ,"fa1"    ,"nouUL60"
"Diana Rodriguez"       ,"False"     ,"1/4/1964"  ,"Diana45117"      ,"fa2"    ,"dKFmV53"
"Thomas Coleman"        ,"True"      ,"25/12/1949","Thomas29669"     ,"fa1"    ,"FKbHN28"
"Monica Smith"          ,"False"     ,"24/12/1962","Monica10717"     ,"fa1"    ,"Qopdd30"
"Benjamin Pena"         ,"True"      ,"30/10/1958","Benjamin38445"   ,"fa1"    ,"XnnAa06"
"Tiffany Bell"          ,"False"     ,"16/2/1994" ,"Tiffany9073"     ,"fa1"    ,"tFIaj27"
"Michael Fowler"        ,"False"     ,"3/2/1997"  ,"Michael46446"    ,"fa1"    ,"hVTfG69"
"Madison Hale"          ,"True"      ,"21/3/1958" ,"Madison7915"     ,"fa3"    ,"bluof97"
"Glenn Mcbride"         ,"False"     ,"24/9/1993" ,"Glenn22444"      ,"fa2"    ,"PPTHO95"
"Erica Baker"           ,"False"     ,"18/4/1988" ,"Erica13458"      ,"fa3"    ,"mesla76"
"Kelly Dunn"            ,"True"      ,"4/9/1997"  ,"Kelly43500"      ,"fa3"    ,"MDRXc85"
"Lori Murphy"           ,"True"      ,"8/9/1945"  ,"Lori15444"       ,"fa2"    ,"Znaeh72"
"Christopher Hayes"     ,"False"     ,"19/11/1999","Christopher42433","fa3"    ,"PKROo95"
"Krystal Carter"        ,"True"      ,"26/12/1970","Krystal40162"    ,"fa4"    ,"yhdFI28"
"Mark Lang"             ,"True"      ,"23/9/1959" ,"Mark14116"       ,"fa2"    ,"GCvzp75"
"Tracy Ellis"           ,"False"     ,"7/10/1999" ,"Tracy44505"      ,"fa2"    ,"tkmAM59"
"Kevin Palmer"          ,"False"     ,"21/6/1974" ,"Kevin49548"      ,"fa2"    ,"jSFIK90"
"Mary Ellison"          ,"True"      ,"23/1/1994" ,"Mary48280"       ,"fa1"    ,"OOEYp28"
"David Anderson"        ,"False"     ,"30/6/1940" ,"David40098"      ,"fa1"    ,"eUsDd12"
"Sandra Gray"           ,"False"     ,"25/7/1970" ,"Sandra36119"     ,"fa3"    ,"VEarx61"
"Jordan Scott"          ,"False"     ,"1/6/1990"  ,"Jordan25568"     ,"fa3"    ,"QoQZM22"
"Teresa Miranda"        ,"True"      ,"12/2/1946" ,"Teresa13213"     ,"fa2"    ,"ZQOuU86"
"Nathan Davis"          ,"True"      ,"15/9/1998" ,"Nathan34697"     ,"fa3"    ,"iRQse30"
"Sara Delgado"          ,"False"     ,"4/3/1941"  ,"Sara2336"        ,"fa3"    ,"DuXyS45"
"Jesse Guerra"          ,"False"     ,"2/8/1984"  ,"Jesse4175"       ,"fa3"    ,"LYLbI56"
"Shannon Cunningham"    ,"True"      ,"2/2/1944"  ,"Shannon40559"    ,"fa4"    ,"KpVSp52"
"Luis Johnson"          ,"True"      ,"17/10/1963","Luis1313"        ,"fa4"    ,"UmcJG09"
"Barbara Rivera"        ,"False"     ,"24/3/1948" ,"Barbara18167"    ,"fa3"    ,"HdbRk07"
"James Rose"            ,"True"      ,"25/3/1948" ,"James15191"      ,"fa1"    ,"XtUGx17"
"Judith Wolfe"          ,"True"      ,"22/2/1947" ,"Judith3548"      ,"fa2"    ,"FyUOl51"
"John Smith"            ,"True"      ,"22/6/1980" ,"John24131"       ,"fa4"    ,"nlWDP77"
"Donna Miller"          ,"False"     ,"30/10/1962","Donna35332"      ,"fa1"    ,"AjQWy13"
"Austin Black"          ,"False"     ,"1/6/1949"  ,"Austin24534"     ,"fa4"    ,"vbRMt79"
"Nancy Larson"          ,"True"      ,"16/8/1976" ,"Nancy20299"      ,"fa4"    ,"cjCET62"
"Colin Morris"          ,"True"      ,"4/7/1968"  ,"Colin18447"      ,"fa3"    ,"CnCKp28"
"Danielle Clark"        ,"True"      ,"12/2/1993" ,"Danielle36876"   ,"fa3"    ,"tPHWY32"
"Jesse Lopez"           ,"False"     ,"27/12/1976","Jesse9321"       ,"fa3"    ,"XkKht66"
"Patricia Murphy"       ,"True"      ,"28/2/1998" ,"Patricia5196"    ,"fa1"    ,"hzxmo46"
"Paul Smith"            ,"False"     ,"19/8/1986" ,"Paul6684"        ,"fa1"    ,"VXgJX27"
"Samantha Johnston"     ,"True"      ,"9/1/1952"  ,"Samantha39035"   ,"fa1"    ,"dIZXU43"
"Johnny Ramirez"        ,"False"     ,"19/1/1945" ,"Johnny27155"     ,"fa4"    ,"FtJkm58"
"Paula Murray"          ,"False"     ,"13/12/1944","Paula33042"      ,"fa2"    ,"vxieN10"
"Thomas Newman"         ,"True"      ,"18/8/1988" ,"Thomas37993"     ,"fa4"    ,"eZHeo45"
"Erin Parker"           ,"True"      ,"12/5/1940" ,"Erin29402"       ,"fa1"    ,"zwkxx37"
"Tim Snyder"            ,"True"      ,"5/7/1961"  ,"Tim37927"        ,"fa1"    ,"MTLJj18"
"Kim Davis"             ,"True"      ,"1/1/1956"  ,"Kim9364"         ,"fa4"    ,"UCWMY63"
"Peter Soto"            ,"True"      ,"8/6/1980"  ,"Peter43059"      ,"fa2"    ,"xgBdv94"
"Taylor Carr"           ,"False"     ,"18/9/1984" ,"Taylor46320"     ,"fa4"    ,"cDryQ68"
"Austin Wyatt"          ,"True"      ,"20/1/1989" ,"Austin9444"      ,"fa2"    ,"bAODt74"
"Christine Martin"      ,"True"      ,"18/2/1988" ,"Christine13126"  ,"fa1"    ,"ZwMpl41"
"Alex Woods"            ,"True"      ,"12/12/1957","Alex27962"       ,"fa4"    ,"fxSxj63"
"Jessica Reed"          ,"False"     ,"10/12/1942","Jessica17252"    ,"fa4"    ,"Zviww60"
"Raymond Woods"         ,"False"     ,"24/11/1949","Raymond34774"    ,"fa1"    ,"FumTR80"
"Lisa Rogers"           ,"False"     ,"28/10/1941","Lisa3660"        ,"fa3"    ,"HVXtP86"
"Ernest Chapman"        ,"False"     ,"13/10/1942","Ernest36780"     ,"fa4"    ,"FBaPj91"
"Andrea Roberts"        ,"True"      ,"12/6/1969" ,"Andrea23585"     ,"fa4"    ,"OOqqY49"
"Patrick Frazier"       ,"False"     ,"4/7/1992"  ,"Patrick17278"    ,"fa1"    ,"lgPzT58"
"Gina Higgins"          ,"False"     ,"4/11/1982" ,"Gina34568"       ,"fa2"    ,"BqzSj27"
"Kevin Glover"          ,"True"      ,"4/12/1974" ,"Kevin27342"      ,"fa4"    ,"fMNMg52"
"Cassie Dickerson"      ,"True"      ,"24/8/1992" ,"Cassie1628"      ,"fa3"    ,"BzcBD25"
"Clayton Hernandez"     ,"False"     ,"21/7/1952" ,"Clayton38915"    ,"fa2"    ,"ySbrW77"
"Heather Gibson"        ,"True"      ,"28/10/1950","Heather46997"    ,"fa1"    ,"EovKJ93"
"John Weber"            ,"False"     ,"22/1/1990" ,"John1690"        ,"fa4"    ,"HAeXS64"
"Michelle Park"         ,"False"     ,"17/2/1959" ,"Michelle25571"   ,"fa1"    ,"KEABa78"
"Cody Vasquez"          ,"False"     ,"22/9/1976" ,"Cody45987"       ,"fa2"    ,"OsnyF43"
"Bridget Jones"         ,"True"      ,"18/5/1983" ,"Bridget23956"    ,"fa1"    ,"nfeit64"
"John Stark"            ,"True"      ,"29/12/1997","John1774"        ,"fa4"    ,"bQyCd85"
"Beth Castillo"         ,"True"      ,"15/5/1989" ,"Beth6013"        ,"fa4"    ,"HMKhn77"
"Alexis Davis"          ,"True"      ,"11/5/1944" ,"Alexis47035"     ,"fa1"    ,"DujiD81"
"Tonya Lin"             ,"True"      ,"26/11/1941","Tonya23928"      ,"fa2"    ,"oiTTm44"
"Joseph Martinez"       ,"False"     ,"17/9/1941" ,"Joseph13033"     ,"fa2"    ,"cJbEy76"
"Jessica Cook"          ,"True"      ,"6/4/1982"  ,"Jessica33600"    ,"fa2"    ,"LGWmU29"
"Vincent Brooks"        ,"False"     ,"8/1/1948"  ,"Vincent29829"    ,"fa4"    ,"eMYzG58"
"Alicia Herrera"        ,"True"      ,"12/9/1973" ,"Alicia19976"     ,"fa3"    ,"BzcsZ83"
"Nicholas Hamilton"     ,"True"      ,"7/7/1979"  ,"Nicholas28728"   ,"fa2"    ,"hfHak44"
"Amanda Archer"         ,"True"      ,"28/5/1990" ,"Amanda46020"     ,"fa1"    ,"lJJsl08"
"John Ferguson"         ,"False"     ,"12/5/1994" ,"John9082"        ,"fa1"    ,"exwan57"
"Brittney Powell"       ,"True"      ,"27/9/1940" ,"Brittney8218"    ,"fa3"    ,"mVqaB61"
"Trevor Wilcox"         ,"False"     ,"8/5/1994"  ,"Trevor41084"     ,"fa4"    ,"pfnHC02"
"Tammy Deleon"          ,"False"     ,"17/3/1989" ,"Tammy29138"      ,"fa2"    ,"NJfBQ81"
"Shane Hart"            ,"False"     ,"4/9/1996"  ,"Shane46924"      ,"fa1"    ,"tKdhO21"
"Amber Burch"           ,"True"      ,"18/12/1989","Amber19746"      ,"fa4"    ,"fGaUv87"
"Scott Wilkinson"       ,"True"      ,"9/11/1951" ,"Scott40628"      ,"fa3"    ,"kOUos79"
"Jennifer Brown"        ,"True"      ,"17/6/1960" ,"Jennifer46376"   ,"fa2"    ,"nmEtb86"
"James Jones"           ,"False"     ,"5/10/1947" ,"James49079"      ,"fa2"    ,"DmCvx38"
"Megan Fisher"          ,"True"      ,"16/6/1988" ,"Megan39961"      ,"fa2"    ,"iAAHT05"
"Scott Peters"          ,"True"      ,"29/11/1958","Scott4221"       ,"fa1"    ,"ikYmp27"
"Christina Castro"      ,"False"     ,"21/8/1985" ,"Christina38869"  ,"fa4"    ,"Ywiyz00"
"Omar Cox"              ,"False"     ,"9/12/1977" ,"Omar26228"       ,"fa1"    ,"LfvLd88"
"Gabriela Kennedy"      ,"False"     ,"26/11/1943","Gabriela26105"   ,"fa3"    ,"OLuhd60"
"Brian Stanley"         ,"False"     ,"15/5/1957" ,"Brian11843"      ,"fa2"    ,"IuCbI97"
"Erica Sparks"          ,"True"      ,"28/7/2001" ,"Erica44178"      ,"fa3"    ,"UiXzk35"
"Derek Beck"            ,"True"      ,"3/4/1956"  ,"Derek4816"       ,"fa4"    ,"hKbkA54"
"Ariana Allen"          ,"True"      ,"15/9/1943" ,"Ariana44450"     ,"fa4"    ,"OvHfp57"
"Jose Johnson"          ,"True"      ,"28/2/1941" ,"Jose43090"       ,"fa1"    ,"DmICX13"
"Brittany Porter"       ,"True"      ,"27/5/1957" ,"Brittany18546"   ,"fa4"    ,"YRkXx92"
"Charles Poole"         ,"True"      ,"9/4/1986"  ,"Charles15420"    ,"fa3"    ,"SLvuD51"
"Sarah Bruce"           ,"True"      ,"6/1/1964"  ,"Sarah30910"      ,"fa3"    ,"cDwQx92"
"James Wilkerson"       ,"False"     ,"6/12/1974" ,"James1264"       ,"fa4"    ,"tZwsP33"
"Penny Morris"          ,"False"     ,"8/3/1961"  ,"Penny12876"      ,"fa3"    ,"piYkL35"
"Douglas Greer"         ,"False"     ,"22/12/1956","Douglas5033"     ,"fa4"    ,"gcMhu41"
"Denise Kelley"         ,"False"     ,"26/1/2001" ,"Denise11961"     ,"fa1"    ,"oTxqw31"
"Matthew Shepherd"      ,"False"     ,"26/9/1982" ,"Matthew38197"    ,"fa3"    ,"HnGPL49"
"Sandra Mack"           ,"False"     ,"19/8/1944" ,"Sandra27817"     ,"fa3"    ,"VLHyE74"
"Joseph Porter"         ,"False"     ,"27/11/1953","Joseph48354"     ,"fa2"    ,"MZyoM17"
"Heather Rodriguez"     ,"False"     ,"7/9/1972"  ,"Heather9849"     ,"fa2"    ,"IarsF93"
"William Farley"        ,"True"      ,"21/11/1981","William4855"     ,"fa3"    ,"SDYzh49"
"Karen Gardner"         ,"False"     ,"25/8/1990" ,"Karen37438"      ,"fa2"    ,"rOfII00"
"Charles Rogers"        ,"True"      ,"16/6/1996" ,"Charles27257"    ,"fa3"    ,"NuKJE13"
"Brittany Stone"        ,"False"     ,"11/3/1951" ,"Brittany21054"   ,"fa1"    ,"XrVtp33"
"Jeffrey Hernandez"     ,"True"      ,"26/6/1995" ,"Jeffrey1260"     ,"fa1"    ,"RwaoN16"
"Rachael Norman"        ,"True"      ,"28/11/1959","Rachael16192"    ,"fa2"    ,"NTMnX89"
"Joshua Ross"           ,"True"      ,"8/12/1981" ,"Joshua6387"      ,"fa1"    ,"zKMFh98"
"Judith Smith"          ,"True"      ,"23/9/1973" ,"Judith26112"     ,"fa2"    ,"adVbM74"
"Calvin Randall"        ,"False"     ,"28/6/1979" ,"Calvin40927"     ,"fa2"    ,"jVdwj84"
"Diane Griffin"         ,"True"      ,"14/1/1941" ,"Diane10749"      ,"fa1"    ,"ClyVM88"
"Ryan Scott"            ,"True"      ,"12/5/1999" ,"Ryan11171"       ,"fa1"    ,"errov80"
"Katie Thompson"        ,"False"     ,"17/7/1987" ,"Katie32900"      ,"fa1"    ,"FZlee90"
"Matthew Cantu"         ,"True"      ,"23/3/1963" ,"Matthew20587"    ,"fa1"    ,"gKMqJ20"
"Heather Smith"         ,"False"     ,"11/9/1967" ,"Heather24255"    ,"fa3"    ,"YCCLh16"
"David Hunt"            ,"False"     ,"29/1/1941" ,"David3795"       ,"fa2"    ,"wNPXa06"
"Christy Lopez"         ,"True"      ,"20/2/1945" ,"Christy10316"    ,"fa2"    ,"DEYgJ96"
"Daniel Moreno"         ,"True"      ,"19/8/1992" ,"Daniel12828"     ,"fa2"    ,"vkLzM21"
"Angel Sanchez"         ,"False"     ,"28/5/1993" ,"Angel43886"      ,"fa4"    ,"HXzsu56"
"Alexander Thompson"    ,"True"      ,"30/6/1961" ,"Alexander40462"  ,"fa2"    ,"dfmNU14"
"Sandra Krueger"        ,"False"     ,"22/1/1998" ,"Sandra8885"      ,"fa1"    ,"DERZg52"
"Robert Nunez"          ,"True"      ,"15/8/1943" ,"Robert29329"     ,"fa3"    ,"kVLXE07"
"Ashley Hunt"           ,"True"      ,"20/7/1996" ,"Ashley490"       ,"fa2"    ,"yjpeg34"
"Robert Ashley"         ,"False"     ,"27/11/1953","Robert28577"     ,"fa3"    ,"BNIXc75"
"Kristina Robertson"    ,"True"      ,"9/10/1976" ,"Kristina36343"   ,"fa2"    ,"OTkGz16"
"Jeffrey Hayes"         ,"False"     ,"17/5/1954" ,"Jeffrey15728"    ,"fa2"    ,"LEubv42"
"Susan Davenport"       ,"True"      ,"6/4/1973"  ,"Susan47446"      ,"fa1"    ,"lLgHG48"
"Trevor Jenkins"        ,"False"     ,"1/8/1949"  ,"Trevor39940"     ,"fa1"    ,"zNwhu00"
"Tabitha Schultz"       ,"True"      ,"14/8/1978" ,"Tabitha15219"    ,"fa2"    ,"MPqPC81"
"Thomas Moore"          ,"True"      ,"3/4/1970"  ,"Thomas13114"     ,"fa1"    ,"IRUUx86"
"Ashley Sandoval"       ,"True"      ,"8/3/1976"  ,"Ashley18127"     ,"fa3"    ,"RFkQf41"
"Daniel Jacobs"         ,"False"     ,"11/5/1990" ,"Daniel41029"     ,"fa3"    ,"xzrJD01"
"Tonya Jenkins"         ,"False"     ,"4/4/1986"  ,"Tonya28634"      ,"fa4"    ,"vJieq11"
"John Roberts"          ,"False"     ,"9/2/1994"  ,"John11183"       ,"fa1"    ,"tNSYa35"
"Lindsay Mitchell"      ,"True"      ,"14/4/1961" ,"Lindsay19505"    ,"fa3"    ,"utWJE20"
"Kevin Higgins"         ,"True"      ,"2/3/1991"  ,"Kevin31800"      ,"fa1"    ,"Gowem83"
"Elizabeth Garza"       ,"False"     ,"10/6/1985" ,"Elizabeth43750"  ,"fa1"    ,"GleWe59"
"Joseph Hicks"          ,"True"      ,"5/9/1980"  ,"Joseph26543"     ,"fa4"    ,"tTizT72"
"Beth Sanchez"          ,"True"      ,"25/11/1995","Beth1106"        ,"fa1"    ,"kAQYE73"
"Sean Osborne"          ,"True"      ,"28/7/1955" ,"Sean18115"       ,"fa1"    ,"AmOQT76"
"Amy Anderson"          ,"True"      ,"21/10/1997","Amy14650"        ,"fa4"    ,"DafZi75"
"Jason Bradley"         ,"True"      ,"12/4/1953" ,"Jason37108"      ,"fa1"    ,"Lsxnt01"
"Sandra Bass"           ,"False"     ,"5/6/1972"  ,"Sandra28202"     ,"fa3"    ,"rLmfQ77"
"Robert Brooks"         ,"True"      ,"10/4/2000" ,"Robert35744"     ,"fa4"    ,"jlzro62"
"Rachel Knight"         ,"False"     ,"6/8/1955"  ,"Rachel42678"     ,"fa3"    ,"thlgQ42"
"Anthony Smith"         ,"True"      ,"12/9/1955" ,"Anthony22126"    ,"fa2"    ,"CoAMM45"
"Kim Thomas"            ,"True"      ,"11/3/1972" ,"Kim35703"        ,"fa3"    ,"RcxZV77"
"Justin Smith"          ,"True"      ,"4/2/1975"  ,"Justin13539"     ,"fa3"    ,"pTHPp53"
"Kristie Jones"         ,"True"      ,"6/2/1958"  ,"Kristie9706"     ,"fa3"    ,"DlSYh49"
"Eric Frazier"          ,"True"      ,"15/7/1980" ,"Eric17954"       ,"fa1"    ,"DikNM42"
"Theresa Bridges"       ,"False"     ,"23/5/1972" ,"Theresa1341"     ,"fa3"    ,"TdoEx74"
"Trevor Spears"         ,"True"      ,"12/12/1980","Trevor7211"      ,"fa4"    ,"aEGtC28"
"Gina West"             ,"True"      ,"3/7/1950"  ,"Gina47103"       ,"fa2"    ,"OTiKP78"
"Peter Ellis"           ,"True"      ,"10/6/1994" ,"Peter3338"       ,"fa1"    ,"VkLbv63"
"Jacqueline Henry"      ,"True"      ,"4/11/1995" ,"Jacqueline49956" ,"fa1"    ,"YXUTD16"
"Allen Parker"          ,"False"     ,"18/12/1953","Allen34314"      ,"fa2"    ,"EdoaR03"
"Sara Hahn"             ,"False"     ,"10/10/1951","Sara46541"       ,"fa1"    ,"UcdKw84"
"Arthur Swanson"        ,"False"     ,"25/6/1967" ,"Arthur45203"     ,"fa2"    ,"MiXVz87"
"April Walton"          ,"False"     ,"25/1/1948" ,"April21469"      ,"fa4"    ,"TSEnV71"
"Bob Wong"              ,"False"     ,"27/10/1983","Bob27798"        ,"fa4"    ,"QSQTL02"
"Tiffany Davis"         ,"True"      ,"16/3/1951" ,"Tiffany38119"    ,"fa3"    ,"ZZwIF94"
"James Brown"           ,"True"      ,"21/7/1998" ,"James14004"      ,"fa4"    ,"NXSeO17"
"Stephanie Blankenship" ,"False"     ,"8/6/1984"  ,"Stephanie5779"   ,"fa2"    ,"wnxVz19"
"Scott Rodriguez"       ,"True"      ,"14/5/1969" ,"Scott21471"      ,"fa4"    ,"HznsL49"
"Laurie Garcia"         ,"True"      ,"25/1/1962" ,"Laurie44283"     ,"fa1"    ,"iovkP53"
"Juan Beltran"          ,"False"     ,"19/10/1984","Juan4771"        ,"fa4"    ,"SbTIE28"
"Adrienne Gomez"        ,"False"     ,"30/10/1943","Adrienne45001"   ,"fa4"    ,"APanU91"
"Christian Spencer"     ,"False"     ,"29/5/1940" ,"Christian47204"  ,"fa2"    ,"TLXeB82"
"Stephanie Foley"       ,"True"      ,"6/2/1992"  ,"Stephanie1706"   ,"fa2"    ,"LKrsZ91"
"Michael Pham"          ,"True"      ,"13/6/1951" ,"Michael9261"     ,"fa2"    ,"mOaan58"
"Jessica Mcdonald"      ,"False"     ,"23/8/1954" ,"Jessica7407"     ,"fa1"    ,"TkDtI86"
"Michael Saunders"      ,"False"     ,"10/8/1999" ,"Michael16483"    ,"fa4"    ,"yfckw14"
"Melissa Mann"          ,"True"      ,"23/3/1987" ,"Melissa18016"    ,"fa3"    ,"GHgdR68"
"Michael Snyder"        ,"True"      ,"10/2/1952" ,"Michael21383"    ,"fa1"    ,"rXEqB59"
"Michaela Hawkins"      ,"False"     ,"24/4/1992" ,"Michaela30944"   ,"fa2"    ,"ssNfy94"
"Blake Tucker"          ,"True"      ,"1/2/1962"  ,"Blake2107"       ,"fa3"    ,"tnDwZ43"
"Maria Sandoval"        ,"True"      ,"16/9/1966" ,"Maria2526"       ,"fa1"    ,"BZQgg55"
"Daniel Lopez"          ,"True"      ,"23/7/1949" ,"Daniel46765"     ,"fa2"    ,"xiRmU69"
"Stacey Thompson"       ,"False"     ,"4/6/1963"  ,"Stacey15907"     ,"fa4"    ,"LZJgo99"
"David Downs"           ,"False"     ,"25/4/1955" ,"David869"        ,"fa4"    ,"cUHJg12"
"Rhonda Hunt"           ,"True"      ,"26/11/1940","Rhonda4619"      ,"fa1"    ,"wfxnl47"
"Joshua Mcmillan"       ,"False"     ,"3/5/1996"  ,"Joshua42477"     ,"fa4"    ,"BdIXa29"
"Cynthia Baker"         ,"False"     ,"26/5/1988" ,"Cynthia34258"    ,"fa2"    ,"TKwhG77"
"James Gibson"          ,"False"     ,"10/10/1967","James4894"       ,"fa4"    ,"vwDxV97"
"Karen Miller"          ,"False"     ,"11/4/1955" ,"Karen48697"      ,"fa4"    ,"lfNzF30"
"Ryan Myers"            ,"True"      ,"22/8/1999" ,"Ryan771"         ,"fa1"    ,"iCDfm50"
"Lisa Hawkins"          ,"False"     ,"23/10/1982","Lisa32154"       ,"fa1"    ,"aJwjf97"
"Michael Jones"         ,"True"      ,"1/12/1943" ,"Michael7471"     ,"fa2"    ,"jdvQd92"
"Cassandra Benjamin"    ,"False"     ,"26/1/1990" ,"Cassandra37009"  ,"fa2"    ,"vwdQK98"
"Richard Thomas"        ,"False"     ,"5/2/1955"  ,"Richard8655"     ,"fa1"    ,"hAVyy80"
"Samantha Finley"       ,"True"      ,"2/7/1945"  ,"Samantha8641"    ,"fa4"    ,"PgbzA92"
"Richard Hall"          ,"True"      ,"23/11/1972","Richard1096"     ,"fa3"    ,"BYHEN68"
"Theresa Bennett"       ,"False"     ,"20/5/1998" ,"Theresa13958"    ,"fa4"    ,"xeuZn54"
"Corey Kelly"           ,"False"     ,"5/2/1994"  ,"Corey49713"      ,"fa2"    ,"OAzdi81"
"Jacqueline White"      ,"True"      ,"2/8/1996"  ,"Jacqueline17434" ,"fa4"    ,"YRVxZ37"
"Jimmy Taylor"          ,"True"      ,"7/7/1952"  ,"Jimmy38279"      ,"fa2"    ,"vjEKZ03"
"Susan Marquez"         ,"False"     ,"28/8/1965" ,"Susan12054"      ,"fa1"    ,"lYAFg81"
"David Howe"            ,"False"     ,"28/12/1946","David18141"      ,"fa1"    ,"wMyxo30"
"Mary Long"             ,"False"     ,"4/10/1970" ,"Mary6158"        ,"fa2"    ,"NvBzQ23"
"Patrick Anthony"       ,"False"     ,"15/6/1962" ,"Patrick3932"     ,"fa3"    ,"IqyFe65"
"Lisa Taylor"           ,"True"      ,"29/7/1985" ,"Lisa45474"       ,"fa2"    ,"eOmbi06"
"Derek Flores"          ,"True"      ,"7/1/1978"  ,"Derek33727"      ,"fa4"    ,"RIuyY59"
"Whitney Tucker"        ,"True"      ,"6/3/1992"  ,"Whitney42156"    ,"fa3"    ,"xmBvF44"
"David Anderson"        ,"False"     ,"2/1/1949"  ,"David35515"      ,"fa4"    ,"Hhaez01"
"Terri Hanna"           ,"False"     ,"4/6/1994"  ,"Terri9534"       ,"fa3"    ,"EvywS69"
"Patrick Lowe"          ,"True"      ,"13/12/1982","Patrick7271"     ,"fa3"    ,"mPHGu16"
"Deborah Black"         ,"False"     ,"13/9/1951" ,"Deborah10487"    ,"fa3"    ,"zKipd53"
"Christopher Jones"     ,"True"      ,"8/4/1994"  ,"Christopher39938","fa3"    ,"NfnSl00"
"Tracy Fletcher"        ,"False"     ,"10/12/1990","Tracy34249"      ,"fa3"    ,"zwWSO89"
"Frank Lynch"           ,"True"      ,"2/1/1981"  ,"Frank36963"      ,"fa2"    ,"apjjQ90"
"Cynthia Campbell"      ,"True"      ,"3/10/1946" ,"Cynthia21614"    ,"fa4"    ,"MhnEM64"
"James Cruz"            ,"False"     ,"25/5/1988" ,"James20275"      ,"fa2"    ,"otduw87"
"Holly Mckinney"        ,"False"     ,"30/5/1963" ,"Holly42827"      ,"fa3"    ,"AOMmf21"
"Martin Randolph"       ,"False"     ,"21/12/1981","Martin17671"     ,"fa4"    ,"voDkA05"
"Christina Haynes"      ,"True"      ,"7/3/1970"  ,"Christina12232"  ,"fa2"    ,"gEREw16"
"Evan Johnson"          ,"False"     ,"14/6/1946" ,"Evan12903"       ,"fa4"    ,"KcjbA32"
"Elizabeth Smith"       ,"True"      ,"23/1/1980" ,"Elizabeth27144"  ,"fa4"    ,"rfDZu05"
"Martin Gonzales"       ,"False"     ,"8/1/1965"  ,"Martin5300"      ,"fa3"    ,"ZFGQr56"
"Tracy Carter"          ,"True"      ,"8/12/1989" ,"Tracy16184"      ,"fa4"    ,"YYlvf74"
"Mark Gonzales"         ,"True"      ,"18/1/1981" ,"Mark39554"       ,"fa4"    ,"yuQbv16"
"Mary Cooper"           ,"True"      ,"25/10/1983","Mary44170"       ,"fa1"    ,"FWoSq12"
"Brandon Harmon"        ,"False"     ,"24/6/1941" ,"Brandon27871"    ,"fa3"    ,"xdXaC51"
"Carrie Schmitt"        ,"False"     ,"11/7/1985" ,"Carrie6625"      ,"fa2"    ,"ctaUq24"
"Christopher Ward"      ,"False"     ,"1/5/1959"  ,"Christopher33670","fa1"    ,"fSnFj32"
"Natalie Jones"         ,"False"     ,"14/4/1967" ,"Natalie43834"    ,"fa1"    ,"etTuh60"
"Jeffrey Brown"         ,"False"     ,"8/3/1952"  ,"Jeffrey22516"    ,"fa2"    ,"pohFr14"
"Katherine Webb"        ,"True"      ,"12/2/1996" ,"Katherine18330"  ,"fa2"    ,"Sxvcu78"
"Danny Gilmore"         ,"False"     ,"29/4/1950" ,"Danny9834"       ,"fa3"    ,"ICubb25"
"Lauren Powell"         ,"True"      ,"10/6/1982" ,"Lauren23974"     ,"fa2"    ,"OYegO71"
"Matthew Webb"          ,"True"      ,"5/5/1942"  ,"Matthew35359"    ,"fa4"    ,"BtKAw95"
"Amanda Kennedy"        ,"False"     ,"22/12/1956","Amanda40475"     ,"fa1"    ,"BXqGt10"
"Kevin White"           ,"False"     ,"15/5/1985" ,"Kevin4531"       ,"fa3"    ,"gytQi15"
"Jennifer Hickman"      ,"False"     ,"11/10/2001","Jennifer38377"   ,"fa2"    ,"VSLgF06"
"Phillip Young"         ,"False"     ,"22/9/1949" ,"Phillip37788"    ,"fa3"    ,"UcsoD99"
"Karen Reed"            ,"True"      ,"25/4/2001" ,"Karen38128"      ,"fa3"    ,"WYRrx21"
"Steven Chan"           ,"True"      ,"7/5/1991"  ,"Steven8775"      ,"fa1"    ,"KlCAj84"
"Jenna Weber"           ,"False"     ,"28/11/1944","Jenna32226"      ,"fa1"    ,"HYQid94"
"Derek Wright"          ,"False"     ,"17/6/1995" ,"Derek31059"      ,"fa1"    ,"tLiyl06"
"Tammy Hernandez"       ,"True"      ,"24/5/1999" ,"Tammy33208"      ,"fa2"    ,"tcxMD69"
"Adam Collier"          ,"True"      ,"10/2/1974" ,"Adam25195"       ,"fa1"    ,"NNjDs47"
"Abigail Hughes"        ,"False"     ,"6/3/1961"  ,"Abigail25227"    ,"fa2"    ,"FCHfe46"
"Randall Jones"         ,"True"      ,"14/10/1979","Randall35279"    ,"fa4"    ,"HxJWd08"
"Danielle Lee"          ,"False"     ,"17/1/1967" ,"Danielle34796"   ,"fa2"    ,"XPWuO45"
"Fred Lawrence"         ,"True"      ,"29/1/1985" ,"Fred7365"        ,"fa2"    ,"fNEsl68"
"Elizabeth Griffith"    ,"True"      ,"18/12/1997","Elizabeth36728"  ,"fa3"    ,"DcbrD44"
"Kenneth Miller"        ,"False"     ,"10/5/1965" ,"Kenneth27839"    ,"fa4"    ,"fRLyo11"
"Barbara Bender"        ,"False"     ,"6/4/1986"  ,"Barbara10828"    ,"fa4"    ,"krkTs82"
"Gregory Smith"         ,"True"      ,"29/9/2001" ,"Gregory38120"    ,"fa2"    ,"quwZc24"
"Michelle Hamilton"     ,"False"     ,"9/6/1998"  ,"Michelle15386"   ,"fa1"    ,"GqzHm78"
"Thomas Waters"         ,"True"      ,"2/11/1983" ,"Thomas20248"     ,"fa2"    ,"sPVrE81"
"Amber Jacobson"        ,"False"     ,"18/1/1946" ,"Amber35925"      ,"fa3"    ,"ruptH89"
"Russell Anthony"       ,"True"      ,"21/4/1955" ,"Russell12148"    ,"fa4"    ,"cVfDK95"
"Emily Collins"         ,"True"      ,"18/2/1957" ,"Emily25237"      ,"fa3"    ,"sligR00"
"Chad Mann"             ,"True"      ,"10/4/1960" ,"Chad12002"       ,"fa2"    ,"TLRcE88"
"Tanya Thompson"        ,"True"      ,"18/9/1948" ,"Tanya10743"      ,"fa2"    ,"IaCjx10"
"David Boyer"           ,"True"      ,"16/1/1960" ,"David7161"       ,"fa3"    ,"NEJZW39"
"Jane Luna"             ,"True"      ,"4/2/1985"  ,"Jane33008"       ,"fa4"    ,"jZhtq05"
"Dustin Edwards"        ,"False"     ,"27/1/1980" ,"Dustin3799"      ,"fa1"    ,"SweDd93"
"Brenda Travis"         ,"True"      ,"2/12/1965" ,"Brenda26791"     ,"fa2"    ,"vVTWX46"
"Devin Valdez"          ,"True"      ,"25/5/1958" ,"Devin1261"       ,"fa4"    ,"ZBgUk79"
"Katie Rivas"           ,"True"      ,"10/8/1998" ,"Katie1596"       ,"fa2"    ,"oWlnQ02"
"Nathan Rodriguez"      ,"False"     ,"29/5/1982" ,"Nathan8195"      ,"fa3"    ,"mmkki86"
"Susan Griffith"        ,"False"     ,"30/7/1987" ,"Susan46602"      ,"fa3"    ,"Azkve17"
"Sean Rodriguez"        ,"True"      ,"18/10/1968","Sean38479"       ,"fa4"    ,"mBroV98"
"Aimee Phillips"        ,"False"     ,"26/7/1972" ,"Aimee44920"      ,"fa2"    ,"gtgue08"
"Matthew Craig"         ,"True"      ,"20/6/1967" ,"Matthew49493"    ,"fa1"    ,"MiRZO73"
"Amy Bell"              ,"True"      ,"1/12/1999" ,"Amy45328"        ,"fa4"    ,"zYWOS51"
"Daniel Davidson"       ,"False"     ,"6/2/1999"  ,"Daniel47073"     ,"fa1"    ,"oGmZX39"
"Karen Garcia"          ,"False"     ,"22/8/1977" ,"Karen37647"      ,"fa3"    ,"NSQHR95"
"Michael Rollins"       ,"False"     ,"29/11/1954","Michael14561"    ,"fa1"    ,"qAThb09"
"Charlene Perez"        ,"False"     ,"26/11/1950","Charlene969"     ,"fa4"    ,"MAZTS80"
"Bruce Howard"          ,"True"      ,"1/5/1969"  ,"Bruce26930"      ,"fa3"    ,"gSiKl39"
"Leslie Tran"           ,"False"     ,"19/4/1951" ,"Leslie45218"     ,"fa1"    ,"djKjw68"
"Anthony Lopez"         ,"True"      ,"24/8/1966" ,"Anthony23892"    ,"fa2"    ,"yPskX49"
"Elizabeth Skinner"     ,"True"      ,"19/8/1999" ,"Elizabeth28376"  ,"fa2"    ,"lQWLY23"
"Todd Berger"           ,"True"      ,"22/12/1967","Todd3846"        ,"fa4"    ,"dUuJb22"
"Shannon Barrera"       ,"False"     ,"6/9/1951"  ,"Shannon21804"    ,"fa1"    ,"qeEoo67"
"Jacob Zamora"          ,"True"      ,"22/9/1982" ,"Jacob44030"      ,"fa3"    ,"EGLNq78"
"Kathleen Jones"        ,"False"     ,"26/6/1967" ,"Kathleen11079"   ,"fa2"    ,"oYOGV72"
"Dustin Bryan"          ,"True"      ,"5/2/1941"  ,"Dustin24613"     ,"fa4"    ,"luKtJ04"
"Sydney Schmidt"        ,"False"     ,"25/1/1940" ,"Sydney17085"     ,"fa4"    ,"zcXCh58"
"John Joseph"           ,"True"      ,"12/12/1965","John49001"       ,"fa3"    ,"ocrXY74"
"Dawn Lawson"           ,"True"      ,"26/9/1999" ,"Dawn8081"        ,"fa3"    ,"lQgup47"
"Charles Blake"         ,"True"      ,"29/2/1961" ,"Charles49524"    ,"fa3"    ,"CySTG63"
"Susan Proctor"         ,"True"      ,"12/8/1947" ,"Susan24501"      ,"fa4"    ,"lydqp42"
"John Daugherty"        ,"True"      ,"15/2/1948" ,"John12191"       ,"fa2"    ,"PrElZ56"
"Brianna Taylor"        ,"True"      ,"3/7/1960"  ,"Brianna12063"    ,"fa1"    ,"FVVYq51"
"Nicolas Terry"         ,"True"      ,"10/3/1941" ,"Nicolas21873"    ,"fa3"    ,"SLYtZ88"
"Brooke Mccann"         ,"True"      ,"5/2/1949"  ,"Brooke5163"      ,"fa1"    ,"EznZt37"
"Aaron Young"           ,"True"      ,"16/3/1953" ,"Aaron49023"      ,"fa3"    ,"YNJEi79"
"Lori Jacobs"           ,"False"     ,"29/1/1986" ,"Lori28034"       ,"fa2"    ,"jwMMs63"
"Michael Lee"           ,"False"     ,"10/12/1959","Michael10029"    ,"fa3"    ,"OpWBC01"
"Ashley White"          ,"True"      ,"29/4/2000" ,"Ashley26476"     ,"fa1"    ,"VBZZT55"
"Christopher Mccullough","False"     ,"4/3/1999"  ,"Christopher25327","fa3"    ,"GvcuD17"
"Amy Cunningham"        ,"False"     ,"10/4/1996" ,"Amy27619"        ,"fa1"    ,"pnUff62"
"Austin Alvarez"        ,"False"     ,"14/10/1941","Austin7043"      ,"fa2"    ,"JpnPy04"
"Lisa Gallagher"        ,"True"      ,"2/1/2000"  ,"Lisa27738"       ,"fa4"    ,"cKpgH21"
"James Castaneda"       ,"True"      ,"27/9/1978" ,"James44709"      ,"fa3"    ,"kTgED25"
"Kathleen Dunn"         ,"True"      ,"11/6/1968" ,"Kathleen5833"    ,"fa1"    ,"Dhfuu64"
"Mark Ramirez"          ,"False"     ,"4/8/1964"  ,"Mark36531"       ,"fa1"    ,"uCmhK49"
"Maria Smith"           ,"False"     ,"13/3/1983" ,"Maria27566"      ,"fa1"    ,"uHqQi94"
"Eric Thomas"           ,"False"     ,"20/6/1984" ,"Eric16287"       ,"fa2"    ,"BFKcH10"
"Maria Bailey"          ,"True"      ,"4/3/1967"  ,"Maria11841"      ,"fa4"    ,"gQmSG74"
"Anthony Keller"        ,"False"     ,"16/4/1952" ,"Anthony3295"     ,"fa2"    ,"QCNWH13"
"Paige Meyers"          ,"True"      ,"30/11/1968","Paige27424"      ,"fa4"    ,"zfCOU84"
"Jordan Bender"         ,"False"     ,"20/12/2000","Jordan25176"     ,"fa2"    ,"ADBJM79"
"Taylor Scott"          ,"True"      ,"2/8/1950"  ,"Taylor32337"     ,"fa4"    ,"MuMzJ59"
"Robert Cherry"         ,"False"     ,"7/1/1972"  ,"Robert18462"     ,"fa3"    ,"dRXGJ06"
"Tara Cummings"         ,"False"     ,"12/5/1985" ,"Tara20346"       ,"fa2"    ,"foaff36"
"George Coleman"        ,"True"      ,"16/9/1948" ,"George26720"     ,"fa2"    ,"oAGdZ93"
"Stephanie Cunningham"  ,"True"      ,"12/10/1964","Stephanie23479"  ,"fa3"    ,"Acnbp31"
"Matthew Coleman"       ,"True"      ,"28/9/1999" ,"Matthew42946"    ,"fa4"    ,"BDwyg01"
"Deborah Moore"         ,"True"      ,"16/2/1957" ,"Deborah13502"    ,"fa3"    ,"DktjN33"
"Chase Pierce"          ,"False"     ,"7/3/1962"  ,"Chase34917"      ,"fa4"    ,"DgbWg73"
"Sarah Rice"            ,"False"     ,"28/9/1977" ,"Sarah32428"      ,"fa3"    ,"MvMMV59"
"Anthony Ross"          ,"True"      ,"1/6/1942"  ,"Anthony18682"    ,"fa4"    ,"aaEKI81"
"Annette Thomas"        ,"True"      ,"30/2/1979" ,"Annette33658"    ,"fa4"    ,"XdtHt02"
"William Hardy"         ,"False"     ,"23/5/1945" ,"William32780"    ,"fa2"    ,"ggfTZ11"
"Alyssa Hood"           ,"True"      ,"17/4/1967" ,"Alyssa29399"     ,"fa2"    ,"wmzJG59"
"Kenneth Montoya"       ,"False"     ,"19/11/1946","Kenneth7780"     ,"fa4"    ,"SuAGO57"
"Sarah Wilson"          ,"False"     ,"21/9/1984" ,"Sarah13633"      ,"fa3"    ,"htSuP25"
"Daniel Sparks"         ,"True"      ,"1/11/1993" ,"Daniel2964"      ,"fa4"    ,"fGbxr78"
"Andrea Lewis"          ,"False"     ,"25/4/1963" ,"Andrea22226"     ,"fa1"    ,"IzeBe54"
"Jose Solis"            ,"False"     ,"17/11/1970","Jose13584"       ,"fa1"    ,"xfSdZ47"
"Emily Miller"          ,"False"     ,"27/8/1990" ,"Emily35525"      ,"fa4"    ,"mHAhQ44"
"Juan Hardin"           ,"False"     ,"26/7/2001" ,"Juan1098"        ,"fa2"    ,"YuyqN05"
"Amanda Taylor"         ,"True"      ,"5/8/1960"  ,"Amanda38985"     ,"fa2"    ,"OCTYO96"
"Robert Foster"         ,"False"     ,"23/12/1983","Robert42886"     ,"fa1"    ,"hvQhs79"
"Dorothy Reyes"         ,"False"     ,"3/9/1978"  ,"Dorothy11951"    ,"fa1"    ,"cWCSp48"
"Dylan Robinson"        ,"True"      ,"20/8/1947" ,"Dylan24445"      ,"fa3"    ,"rzodl70"
"Theresa Richards"      ,"True"      ,"4/8/1979"  ,"Theresa17225"    ,"fa2"    ,"lbpHQ20"
"Justin Short"          ,"True"      ,"4/7/1968"  ,"Justin13302"     ,"fa4"    ,"OtiDd99"
"Nicole Craig"          ,"True"      ,"20/6/1965" ,"Nicole16765"     ,"fa4"    ,"BrnWt70"
"Robert Garcia"         ,"True"      ,"9/3/1955"  ,"Robert40309"     ,"fa3"    ,"RsOkA55"
"Judy Martin"           ,"True"      ,"20/6/1962" ,"Judy47903"       ,"fa1"    ,"GAUMT67"
"Carlos Crane"          ,"False"     ,"6/12/1984" ,"Carlos46211"     ,"fa4"    ,"MhpGH26"
"Laurie Nguyen"         ,"True"      ,"11/7/1986" ,"Laurie22137"     ,"fa3"    ,"IBmCJ99"
"Kenneth Collins"       ,"True"      ,"24/6/1985" ,"Kenneth9405"     ,"fa2"    ,"qkBUV88"
"Katie Parker"          ,"True"      ,"8/9/1943"  ,"Katie4547"       ,"fa2"    ,"JrVcO88"
"Daniel Conrad"         ,"True"      ,"20/6/1940" ,"Daniel18768"     ,"fa4"    ,"LPDRu69"
"Sarah Daniels"         ,"False"     ,"12/6/1954" ,"Sarah38394"      ,"fa2"    ,"ePOxx34"
"Christopher Martinez"  ,"False"     ,"13/9/1984" ,"Christopher21612","fa2"    ,"JKnWz04"
"Rebecca Andersen"      ,"True"      ,"9/10/1949" ,"Rebecca15300"    ,"fa3"    ,"tffQn65"
"Gabriel Daniels"       ,"False"     ,"30/5/1974" ,"Gabriel46801"    ,"fa3"    ,"eQbni71"
"Amanda Doyle"          ,"True"      ,"29/5/1998" ,"Amanda13319"     ,"fa2"    ,"rsBgw53"
"Douglas Ferguson"      ,"False"     ,"27/1/1960" ,"Douglas21391"    ,"fa4"    ,"PtOqH83"
"Crystal Carter"        ,"True"      ,"8/3/2001"  ,"Crystal9515"     ,"fa3"    ,"MMjNX50"
"Nicholas Reed"         ,"False"     ,"1/4/1967"  ,"Nicholas4461"    ,"fa4"    ,"JJuuV27"
"Bailey Waters"         ,"True"      ,"8/4/1945"  ,"Bailey10710"     ,"fa3"    ,"HfMhx07"
"Kevin Garcia"          ,"False"     ,"5/8/2001"  ,"Kevin23059"      ,"fa2"    ,"hZKQZ84"
"Sarah Castro"          ,"True"      ,"13/10/1945","Sarah3795"       ,"fa2"    ,"tFMyv25"
"Justin Sandoval"       ,"True"      ,"22/6/1985" ,"Justin19732"     ,"fa2"    ,"TIYsM17"
"Erica Hernandez"       ,"True"      ,"22/4/1989" ,"Erica5803"       ,"fa1"    ,"CDfzz67"
"Ian King"              ,"False"     ,"2/8/1948"  ,"Ian48115"        ,"fa2"    ,"cnnFG77"
"Melissa Bradley"       ,"False"     ,"27/7/1946" ,"Melissa43438"    ,"fa2"    ,"FFBGC36"
"Wayne Skinner"         ,"False"     ,"26/6/1942" ,"Wayne27636"      ,"fa1"    ,"RfQdX04"
"Julie Burns"           ,"False"     ,"4/5/1972"  ,"Julie19911"      ,"fa2"    ,"YpXuY60"
"Jesse Armstrong"       ,"True"      ,"11/1/1989" ,"Jesse35216"      ,"fa2"    ,"NUgWZ70"
"Amy Chandler"          ,"True"      ,"12/10/1948","Amy5727"         ,"fa4"    ,"YNvCe91"
"Scott Ellis"           ,"False"     ,"2/9/1973"  ,"Scott28595"      ,"fa4"    ,"utKtJ89"
"Heather Sanchez"       ,"False"     ,"13/11/2001","Heather11842"    ,"fa3"    ,"ifIbe67"
"Shane Griffith"        ,"False"     ,"5/4/1942"  ,"Shane11641"      ,"fa4"    ,"Cunqp49"
"Marissa Bailey"        ,"True"      ,"5/4/1945"  ,"Marissa678"      ,"fa3"    ,"Wusmz87"
"Shawn Taylor"          ,"True"      ,"11/1/1979" ,"Shawn30102"      ,"fa2"    ,"bdQWA06"
"Kelly Lewis"           ,"True"      ,"30/9/1952" ,"Kelly42998"      ,"fa4"    ,"NXYYi82"
"Craig Ward"            ,"True"      ,"3/7/1945"  ,"Craig26003"      ,"fa2"    ,"axlcW19"
"Brittany Robbins"      ,"False"     ,"27/7/1972" ,"Brittany6028"    ,"fa2"    ,"clAUi34"
"Marcus Brooks"         ,"False"     ,"23/3/1970" ,"Marcus24840"     ,"fa1"    ,"gIMQI14"
"Lisa Day"              ,"False"     ,"28/2/1999" ,"Lisa10838"       ,"fa3"    ,"sUCls85"
"Eugene Reed"           ,"True"      ,"28/8/1942" ,"Eugene33644"     ,"fa2"    ,"CaqWB44"
"Taylor Martin"         ,"False"     ,"7/2/1972"  ,"Taylor2460"      ,"fa1"    ,"XNfWy93"
"Daniel Perez"          ,"False"     ,"13/9/1960" ,"Daniel48802"     ,"fa3"    ,"UAvrK30"
"Ashley Rojas"          ,"True"      ,"13/3/1994" ,"Ashley35122"     ,"fa3"    ,"miJPF21"
"Patrick Woodward"      ,"False"     ,"23/7/1975" ,"Patrick21621"    ,"fa1"    ,"ShaYT90"
"Lori Diaz"             ,"True"      ,"5/2/1977"  ,"Lori38872"       ,"fa3"    ,"hpwWd56"
"Nathan Butler"         ,"False"     ,"11/6/1962" ,"Nathan33108"     ,"fa2"    ,"OjtlT23"
"Linda Clarke"          ,"False"     ,"17/2/1947" ,"Linda40855"      ,"fa4"    ,"wXkFF50"
"Tyrone Gonzales"       ,"True"      ,"3/12/1977" ,"Tyrone19474"     ,"fa2"    ,"AyPzG32"
"Melissa Brown"         ,"True"      ,"1/11/1945" ,"Melissa19539"    ,"fa2"    ,"aVzHD48"
"Joshua Mcguire"        ,"True"      ,"2/11/1943" ,"Joshua38796"     ,"fa1"    ,"IXPhy38"
"Terri Mccall"          ,"True"      ,"17/3/1996" ,"Terri45190"      ,"fa1"    ,"AgXQb98"
"David Powers"          ,"False"     ,"2/6/1965"  ,"David31727"      ,"fa1"    ,"Wotmx84"
"Stephanie Jensen"      ,"True"      ,"27/12/1940","Stephanie33074"  ,"fa1"    ,"ATkRy09"
"Jesus Tate"            ,"True"      ,"30/10/1946","Jesus41087"      ,"fa3"    ,"GhCZq72"
"Gina Henderson"        ,"False"     ,"30/2/1986" ,"Gina39539"       ,"fa3"    ,"RwYJj90"
"James Cunningham"      ,"True"      ,"23/7/1967" ,"James36201"      ,"fa4"    ,"pjTcx32"
"Laura Rangel"          ,"True"      ,"11/5/1988" ,"Laura27861"      ,"fa2"    ,"lueDr78"
"Brian Zimmerman"       ,"False"     ,"3/6/1984"  ,"Brian20826"      ,"fa4"    ,"YVUUR24"
"Jennifer Valdez"       ,"True"      ,"30/1/1959" ,"Jennifer43850"   ,"fa2"    ,"XMFhS40"
"Paul Ross"             ,"True"      ,"14/7/1954" ,"Paul18550"       ,"fa2"    ,"Injra27"
"Debra Morgan"          ,"False"     ,"1/11/1967" ,"Debra41252"      ,"fa3"    ,"EcDIt94"
"Michael Benton"        ,"True"      ,"13/3/1990" ,"Michael5326"     ,"fa3"    ,"gufsd17"
"Donna Mason"           ,"False"     ,"29/11/1984","Donna17712"      ,"fa3"    ,"kpmLq74"
"Mario Smith"           ,"True"      ,"15/7/1996" ,"Mario34610"      ,"fa1"    ,"ySQjL91"
"Anna Brown"            ,"True"      ,"7/2/1959"  ,"Anna5271"        ,"fa3"    ,"MSxgf92"
"Brian Wood"            ,"True"      ,"2/3/1987"  ,"Brian23283"      ,"fa4"    ,"vGUGa37"
"Kristin Robles"        ,"True"      ,"12/9/1987" ,"Kristin24053"    ,"fa3"    ,"sbMsz87"
"William Parker"        ,"True"      ,"4/12/1985" ,"William43048"    ,"fa4"    ,"JYwij64"
"Mary Cannon"           ,"False"     ,"17/2/1978" ,"Mary29096"       ,"fa4"    ,"ghQhU10"
"Charles Wilkins"       ,"True"      ,"22/11/1982","Charles40368"    ,"fa1"    ,"noJtV99"
"Summer Baker"          ,"True"      ,"29/11/1980","Summer35228"     ,"fa1"    ,"vljoH98"
"Donald Walker"         ,"False"     ,"17/5/1996" ,"Donald4094"      ,"fa3"    ,"lbCfl07"
"Madison Anderson"      ,"False"     ,"21/1/1991" ,"Madison34398"    ,"fa2"    ,"CaEsg23"
"Gary Holden"           ,"True"      ,"24/7/1982" ,"Gary21597"       ,"fa2"    ,"WeImw18"
"Erica Cox"             ,"True"      ,"1/7/1994"  ,"Erica26974"      ,"fa2"    ,"uPMzG38"
"Bruce Taylor"          ,"True"      ,"24/4/2001" ,"Bruce43533"      ,"fa3"    ,"hHlgX57"
"Virginia Wright"       ,"False"     ,"25/4/1956" ,"Virginia31939"   ,"fa4"    ,"mWLkN87"
"Joseph Carroll"        ,"False"     ,"5/10/1991" ,"Joseph11359"     ,"fa1"    ,"VSpvs29"
"Erin Gilbert"          ,"True"      ,"21/6/1959" ,"Erin17195"       ,"fa2"    ,"klWdS98"
"Noah Morris"           ,"True"      ,"20/6/1956" ,"Noah8636"        ,"fa2"    ,"ecMpJ54"
"Maria Savage"          ,"True"      ,"25/2/1984" ,"Maria26940"      ,"fa4"    ,"yQQQv40"
"Randy Ramirez"         ,"False"     ,"11/3/1945" ,"Randy20875"      ,"fa3"    ,"PkqHd96"
"Jessica Stephenson"    ,"False"     ,"13/4/1978" ,"Jessica20316"    ,"fa4"    ,"wGNxW06"
"Joseph Norman"         ,"False"     ,"18/6/1998" ,"Joseph19561"     ,"fa2"    ,"JqcsE25"
"Katherine Walker"      ,"True"      ,"12/2/1944" ,"Katherine22389"  ,"fa3"    ,"SnRwM88"
"David Parrish"         ,"False"     ,"9/11/1958" ,"David2807"       ,"fa4"    ,"uHPAf30"
"Allison Bryan"         ,"True"      ,"17/3/1978" ,"Allison22173"    ,"fa2"    ,"IrnyC40"
"Lucas White"           ,"True"      ,"5/7/1981"  ,"Lucas28277"      ,"fa3"    ,"NvZsD50"
"Suzanne Jones"         ,"True"      ,"17/5/1973" ,"Suzanne47136"    ,"fa2"    ,"Munsw20"
"Gregory Ramos"         ,"False"     ,"20/1/1947" ,"Gregory27631"    ,"fa3"    ,"LhBdx52"
"Jasmine Phillips"      ,"False"     ,"10/6/1954" ,"Jasmine35350"    ,"fa1"    ,"IMhLM04"
"Donald Fisher"         ,"False"     ,"19/6/1978" ,"Donald6597"      ,"fa4"    ,"DOopa68"
"Christina Young"       ,"True"      ,"12/7/1973" ,"Christina11214"  ,"fa3"    ,"WGAHh32"
"Richard Shepard"       ,"True"      ,"25/4/1985" ,"Richard7293"     ,"fa4"    ,"EEePy28"
"Carol Lambert"         ,"True"      ,"18/11/2000","Carol45908"      ,"fa4"    ,"QbIPv03"
"Matthew Williams"      ,"True"      ,"13/8/1952" ,"Matthew2638"     ,"fa1"    ,"RjHAT41"
"Lisa Mccall"           ,"True"      ,"8/5/1987"  ,"Lisa9241"        ,"fa1"    ,"bfHKh61"
"Kevin Bennett"         ,"True"      ,"23/4/1941" ,"Kevin35121"      ,"fa4"    ,"TefmB78"
"Carla Smith"           ,"True"      ,"1/12/1948" ,"Carla1423"       ,"fa3"    ,"YxFeE86"
"Christopher Garcia"    ,"True"      ,"28/4/1985" ,"Christopher21134","fa4"    ,"virjZ53"
"Sandra Rangel"         ,"False"     ,"7/12/1980" ,"Sandra6626"      ,"fa2"    ,"NQXNw61"
"Patrick Jones"         ,"True"      ,"13/8/2000" ,"Patrick25859"    ,"fa1"    ,"CGPeO90"
"Hannah Warren"         ,"False"     ,"23/3/1982" ,"Hannah20470"     ,"fa2"    ,"kdsvO24"
"Albert Clark"          ,"True"      ,"25/10/1994","Albert11112"     ,"fa2"    ,"VyFqz67"
"Barbara Mendoza"       ,"False"     ,"1/3/1963"  ,"Barbara10046"    ,"fa2"    ,"ewPqU05"
"Alejandro Myers"       ,"False"     ,"3/10/1980" ,"Alejandro43772"  ,"fa4"    ,"uLeZN60"
"Rhonda Hoffman"        ,"False"     ,"25/8/1982" ,"Rhonda48275"     ,"fa4"    ,"hNFNP56"
"Jonathan Perez"        ,"True"      ,"21/7/1945" ,"Jonathan37035"   ,"fa4"    ,"KBzIU96"
"Melissa Atkins"        ,"True"      ,"25/12/1994","Melissa46094"    ,"fa4"    ,"ACOLU14"
"Dennis Taylor"         ,"False"     ,"3/9/1995"  ,"Dennis4127"      ,"fa1"    ,"waXzU61"
"Alexandra Collins"     ,"False"     ,"7/3/1954"  ,"Alexandra38140"  ,"fa1"    ,"RElQR70"
"Daniel Clark"          ,"True"      ,"10/3/1964" ,"Daniel32770"     ,"fa3"    ,"hZikg01"
"Tracy Davies"          ,"False"     ,"3/7/1949"  ,"Tracy5306"       ,"fa1"    ,"nenNS46"
"Gregory Anderson"      ,"True"      ,"5/4/1971"  ,"Gregory26202"    ,"fa4"    ,"iIPOT72"
"Sandra Mccarthy"       ,"True"      ,"8/7/1991"  ,"Sandra22520"     ,"fa1"    ,"zyUGW94"
"Brian Poole"           ,"False"     ,"17/2/1944" ,"Brian22515"      ,"fa4"    ,"bPHqC73"
"Jennifer Kline"        ,"True"      ,"30/4/1952" ,"Jennifer40521"   ,"fa4"    ,"buLnu01"
"Christopher Brown"     ,"False"     ,"24/1/1997" ,"Christopher15485","fa4"    ,"Wrtst14"
"Victoria Mason"        ,"False"     ,"3/11/1947" ,"Victoria3001"    ,"fa2"    ,"OdyGm11"
"Steven Hughes"         ,"False"     ,"21/4/1944" ,"Steven49575"     ,"fa4"    ,"lLqxI31"
"Jennifer Taylor"       ,"False"     ,"23/3/1991" ,"Jennifer7619"    ,"fa3"    ,"EeioM99"
"Cody Wilson"           ,"False"     ,"6/3/1981"  ,"Cody2022"        ,"fa4"    ,"lOUBH99"
"Susan Rodriguez"       ,"True"      ,"1/4/1975"  ,"Susan37972"      ,"fa3"    ,"rEsZM04"
"Michael Jennings"      ,"False"     ,"3/8/1945"  ,"Michael1713"     ,"fa4"    ,"oUmtt68"
"Dana Adams"            ,"False"     ,"26/1/2001" ,"Dana14109"       ,"fa3"    ,"RgQdv03"
"Ryan Shaw"             ,"True"      ,"6/5/1947"  ,"Ryan10322"       ,"fa2"    ,"ikJrg83"
"Cheyenne Walker"       ,"False"     ,"12/3/1976" ,"Cheyenne47743"   ,"fa3"    ,"FJKbW49"
"Tyrone Garcia"         ,"False"     ,"15/2/1986" ,"Tyrone28245"     ,"fa2"    ,"vavpC31"
"Hannah Castillo"       ,"True"      ,"28/2/1951" ,"Hannah46084"     ,"fa1"    ,"cpzyc84"
"Brian Small"           ,"False"     ,"14/9/1947" ,"Brian36431"      ,"fa1"    ,"ubqxN51"
"Kristy Vincent"        ,"False"     ,"15/2/1944" ,"Kristy13544"     ,"fa1"    ,"bbaAz15"
"Kevin Mitchell"        ,"False"     ,"18/10/1996","Kevin28420"      ,"fa2"    ,"gfOLv03"
"Frances Spencer"       ,"False"     ,"26/7/2001" ,"Frances226"      ,"fa4"    ,"XBJQz92"
"Kevin Simmons"         ,"True"      ,"17/2/1968" ,"Kevin3073"       ,"fa3"    ,"fKsMD48"
"Cassandra Mcfarland"   ,"True"      ,"10/11/1957","Cassandra40728"  ,"fa1"    ,"iiHvP17"
"Roger Phillips"        ,"True"      ,"16/12/1994","Roger36577"      ,"fa4"    ,"Selmy46"
"Brittany Stone"        ,"True"      ,"6/8/1950"  ,"Brittany19017"   ,"fa2"    ,"YTzTD31"
"Benjamin Baker"        ,"False"     ,"24/3/1954" ,"Benjamin28192"   ,"fa3"    ,"FCyXT07"
"Margaret Williams"     ,"True"      ,"3/1/1987"  ,"Margaret35098"   ,"fa1"    ,"mCiiB93"
"Rodney Steele"         ,"False"     ,"27/10/1971","Rodney48409"     ,"fa2"    ,"wrXIs72"
"Danielle Dunlap"       ,"True"      ,"1/6/1948"  ,"Danielle35058"   ,"fa2"    ,"wyflC85"
"Anthony Campbell"      ,"False"     ,"27/3/1947" ,"Anthony23182"    ,"fa3"    ,"GywgQ79"
"Monica Burns"          ,"True"      ,"15/9/1982" ,"Monica6966"      ,"fa2"    ,"ESKcu91"
"Joel Young"            ,"True"      ,"21/5/1990" ,"Joel28315"       ,"fa3"    ,"SFXEt86"
"Cynthia Smith"         ,"True"      ,"18/11/1952","Cynthia15627"    ,"fa1"    ,"btEyP45"
"Kevin Mcdaniel"        ,"True"      ,"27/8/1972" ,"Kevin26995"      ,"fa3"    ,"JkHph92"
"Monique Robinson"      ,"True"      ,"8/8/1967"  ,"Monique42535"    ,"fa3"    ,"dsVur65"
"Ian Ramos"             ,"True"      ,"22/9/1953" ,"Ian15634"        ,"fa2"    ,"piAhk09"
"Danielle Romero"       ,"False"     ,"1/3/1972"  ,"Danielle41255"   ,"fa3"    ,"sedbX37"
"Michael Hernandez"     ,"False"     ,"26/7/1993" ,"Michael4534"     ,"fa1"    ,"gUNpH64"
"Emily Ho"              ,"True"      ,"20/1/1952" ,"Emily4653"       ,"fa2"    ,"eBfmV81"
"Russell Dominguez"     ,"False"     ,"12/10/1949","Russell23972"    ,"fa2"    ,"YiUbo68"
"Julia Leon"            ,"True"      ,"17/8/1965" ,"Julia41402"      ,"fa1"    ,"KVtpk01"
"Walter Garcia"         ,"True"      ,"9/7/1957"  ,"Walter3762"      ,"fa1"    ,"cFMXW23"
"Karen Cardenas"        ,"False"     ,"5/6/1994"  ,"Karen10477"      ,"fa4"    ,"rrRyt65"
"Mark Berg"             ,"True"      ,"15/1/1951" ,"Mark3874"        ,"fa1"    ,"YrcAX09"
"Martha Andrade"        ,"True"      ,"4/1/1954"  ,"Martha7127"      ,"fa3"    ,"jRJGW48"
"Paul Little"           ,"True"      ,"13/3/1969" ,"Paul23142"       ,"fa1"    ,"neljb86"
"Amanda Pineda"         ,"True"      ,"10/9/1947" ,"Amanda23940"     ,"fa4"    ,"ySnfK89"
"Troy Porter"           ,"True"      ,"20/11/1948","Troy19846"       ,"fa1"    ,"HuiIg38"
"Carol Roberson"        ,"False"     ,"12/6/1978" ,"Carol33301"      ,"fa4"    ,"TVQTI39"
"Alexander Oliver"      ,"False"     ,"29/8/1999" ,"Alexander8207"   ,"fa3"    ,"PTJyu06"
"Jasmine Ramos"         ,"False"     ,"16/3/1977" ,"Jasmine14698"    ,"fa2"    ,"pvVnH04"
"Michael Kelley"        ,"True"      ,"17/7/1959" ,"Michael15188"    ,"fa1"    ,"hvwdT52"
"Abigail Adams"         ,"True"      ,"5/3/1949"  ,"Abigail30626"    ,"fa1"    ,"EjXpD28"
"Eric Welch"            ,"False"     ,"2/6/1966"  ,"Eric44424"       ,"fa4"    ,"ZmFiz22"
"Mary Leach"            ,"True"      ,"10/2/2000" ,"Mary7297"        ,"fa4"    ,"QwAJz80"
"Randall Duncan"        ,"True"      ,"12/4/1950" ,"Randall40058"    ,"fa4"    ,"EAjfG37"
"Stephanie Morrison"    ,"False"     ,"29/6/1942" ,"Stephanie39764"  ,"fa4"    ,"XscNJ37"
"Scott Kent"            ,"False"     ,"10/2/1987" ,"Scott41373"      ,"fa2"    ,"NzCyt11"
"Jacqueline Hayes"      ,"False"     ,"12/11/1989","Jacqueline1446"  ,"fa1"    ,"aZTnS76"
"Jesus Zuniga"          ,"False"     ,"6/3/1953"  ,"Jesus13888"      ,"fa1"    ,"xuOZv45"
"Denise Smith"          ,"False"     ,"11/2/1998" ,"Denise21167"     ,"fa3"    ,"ctaJL35"
"Matthew Taylor"        ,"False"     ,"19/7/1945" ,"Matthew9561"     ,"fa2"    ,"Lywih37"
"Stephanie Davis"       ,"True"      ,"4/4/1963"  ,"Stephanie36725"  ,"fa4"    ,"PEmwF44"
"Mark Perez"            ,"True"      ,"15/11/1956","Mark26642"       ,"fa4"    ,"gByQd06"
"Kimberly Ryan"         ,"True"      ,"6/2/1980"  ,"Kimberly44986"   ,"fa3"    ,"Rcssw27"
"Thomas Brown"          ,"True"      ,"19/4/1953" ,"Thomas17906"     ,"fa3"    ,"roPpE09"
"Laura Mcdonald"        ,"True"      ,"4/8/1951"  ,"Laura14233"      ,"fa3"    ,"vltpB04"
"Jason Perry"           ,"False"     ,"30/3/1950" ,"Jason22165"      ,"fa3"    ,"mSEMq09"
"Shannon Andrews"       ,"True"      ,"2/9/1962"  ,"Shannon34607"    ,"fa2"    ,"bBagA37"
"Jonathan Stevens"      ,"False"     ,"19/12/1943","Jonathan43793"   ,"fa2"    ,"NFRBU55"
"Leslie Hernandez"      ,"True"      ,"15/1/1974" ,"Leslie37476"     ,"fa1"    ,"yWjII50"
"Michael Sanders"       ,"False"     ,"8/8/1973"  ,"Michael31283"    ,"fa1"    ,"twHsV25"
"Jill Villarreal"       ,"True"      ,"28/8/1983" ,"Jill5994"        ,"fa2"    ,"LLXqt92"
"Gregory Rivas"         ,"True"      ,"30/12/1948","Gregory44261"    ,"fa1"    ,"Uojjz76"
"Cheryl Hayes"          ,"True"      ,"6/12/1941" ,"Cheryl10565"     ,"fa1"    ,"vZMsQ59"
"Scott Holland"         ,"True"      ,"13/7/1966" ,"Scott42407"      ,"fa4"    ,"igvQJ06"
"Sara Melendez"         ,"False"     ,"8/7/1944"  ,"Sara19783"       ,"fa2"    ,"HiRup26"
"James Melton"          ,"False"     ,"11/9/1987" ,"James46593"      ,"fa3"    ,"mXpRd03"
"Denise Adams"          ,"False"     ,"15/1/1988" ,"Denise41938"     ,"fa1"    ,"lgrEQ34"
"Nathan Lowe"           ,"False"     ,"2/6/1981"  ,"Nathan38860"     ,"fa1"    ,"ExRbA02"
"Brandy Rios"           ,"True"      ,"25/3/1983" ,"Brandy26867"     ,"fa4"    ,"yYBDR78"
"Mark Taylor"           ,"False"     ,"7/11/1978" ,"Mark42314"       ,"fa2"    ,"Csayg05"
"Jennifer Crane"        ,"True"      ,"2/1/1996"  ,"Jennifer41489"   ,"fa3"    ,"fYzDN02"
"James Conrad"          ,"True"      ,"26/7/1957" ,"James9483"       ,"fa1"    ,"wWiep31"
"Rebecca Douglas"       ,"False"     ,"29/4/1984" ,"Rebecca39457"    ,"fa1"    ,"crEnW85"
"Devin Johnson"         ,"True"      ,"28/4/1961" ,"Devin25561"      ,"fa4"    ,"iIyul65"
"Isabel Fields"         ,"True"      ,"17/4/1969" ,"Isabel27977"     ,"fa2"    ,"KXBHq48"
"Mark Brown"            ,"True"      ,"22/5/1944" ,"Mark27699"       ,"fa4"    ,"ZjxpQ54"
"Tiffany Powell"        ,"False"     ,"22/9/1989" ,"Tiffany22041"    ,"fa1"    ,"REaeq95"
"Dean Armstrong"        ,"False"     ,"19/10/1965","Dean22685"       ,"fa3"    ,"iSAiT77"
"Brittany Rodriguez"    ,"True"      ,"7/11/1943" ,"Brittany46978"   ,"fa4"    ,"lINod88"
"Eric Jones"            ,"False"     ,"3/1/1944"  ,"Eric29548"       ,"fa1"    ,"NqQPa25"
"Kristin Johnson"       ,"False"     ,"5/11/1997" ,"Kristin93"       ,"fa2"    ,"RopjA97"
"Anthony Hunter"        ,"False"     ,"4/3/1965"  ,"Anthony29829"    ,"fa2"    ,"EekdI58"
"Erika Williams"        ,"False"     ,"6/6/1971"  ,"Erika31733"      ,"fa4"    ,"ogxUr39"
"Andrew Hayden"         ,"True"      ,"19/6/1989" ,"Andrew37467"     ,"fa2"    ,"OBxsq37"
"Madeline Bradley"      ,"False"     ,"29/4/1968" ,"Madeline6204"    ,"fa3"    ,"UVtdb65"
"Jordan Mcpherson"      ,"False"     ,"28/12/1971","Jordan5527"      ,"fa4"    ,"qWHCt45"
"Cheyenne Norman"       ,"False"     ,"8/10/1944" ,"Cheyenne33875"   ,"fa4"    ,"DjEvU52"
"Nathan Santiago"       ,"True"      ,"1/1/1953"  ,"Nathan27066"     ,"fa3"    ,"AnEbd88"
"Ann Roberts"           ,"True"      ,"22/3/1985" ,"Ann15285"        ,"fa1"    ,"UcjpL66"
"Steven Anderson"       ,"False"     ,"8/10/2001" ,"Steven9411"      ,"fa1"    ,"YFOxI06"
"Tanya Neal"            ,"False"     ,"1/12/1984" ,"Tanya41060"      ,"fa3"    ,"XueSK73"
"Corey Myers"           ,"True"      ,"23/12/1943","Corey7561"       ,"fa4"    ,"vozuv90"
"Shelley Espinoza"      ,"False"     ,"4/2/1941"  ,"Shelley21409"    ,"fa3"    ,"twokj22"
"Brian Davis"           ,"False"     ,"18/9/1985" ,"Brian18799"      ,"fa4"    ,"RhPTt07"
"Danielle Wilkins"      ,"True"      ,"11/6/1963" ,"Danielle21726"   ,"fa2"    ,"BYoBI69"
"Jared Lutz"            ,"True"      ,"3/7/1942"  ,"Jared9385"       ,"fa3"    ,"xZieG27"
"Pamela Bailey"         ,"False"     ,"9/5/1983"  ,"Pamela36448"     ,"fa1"    ,"jCuFD93"
"Reginald Vega"         ,"False"     ,"9/10/1958" ,"Reginald29114"   ,"fa3"    ,"IDrqr18"
"Stephanie Williams"    ,"True"      ,"13/12/1971","Stephanie5681"   ,"fa4"    ,"yjOHc28"
"Preston Deleon"        ,"True"      ,"8/6/1953"  ,"Preston20476"    ,"fa1"    ,"LuxoM08"
"Aimee White"           ,"False"     ,"25/9/1977" ,"Aimee21611"      ,"fa3"    ,"AWQDy89"
"Roger Carr"            ,"False"     ,"2/7/1983"  ,"Roger7484"       ,"fa1"    ,"Vuvgu97"
"Ann Friedman"          ,"False"     ,"25/11/1984","Ann35756"        ,"fa4"    ,"gzXFd59"
"Joseph Vargas"         ,"True"      ,"10/8/1957" ,"Joseph15014"     ,"fa1"    ,"DQOhW53"
"Jennifer Morton"       ,"True"      ,"25/11/1964","Jennifer43603"   ,"fa1"    ,"lvoKs52"
"Timothy Rogers"        ,"True"      ,"22/12/1944","Timothy8407"     ,"fa2"    ,"zeKdG98"
"Monica Rogers"         ,"True"      ,"17/6/1950" ,"Monica6160"      ,"fa1"    ,"xkCjU68"
"Kevin James"           ,"False"     ,"14/8/2001" ,"Kevin41170"      ,"fa1"    ,"gysyT96"
"Angela Reynolds"       ,"False"     ,"25/4/1999" ,"Angela14671"     ,"fa3"    ,"gcHyd60"
"Todd Mcdowell"         ,"True"      ,"14/4/1988" ,"Todd28988"       ,"fa3"    ,"XVcrE56"
"Angela Romero"         ,"True"      ,"18/7/1965" ,"Angela38949"     ,"fa4"    ,"shRnT85"
"Joseph Mckinney"       ,"False"     ,"6/2/1952"  ,"Joseph17284"     ,"fa1"    ,"HfJEO97"
"Kelly Harrell"         ,"True"      ,"2/11/1943" ,"Kelly19974"      ,"fa4"    ,"CBNFh10"
"Charles Johnson"       ,"False"     ,"24/1/1994" ,"Charles1911"     ,"fa1"    ,"FgGJH73"
"Victoria Love"         ,"True"      ,"15/11/1964","Victoria6961"    ,"fa1"    ,"sdUjQ38"
"Larry Mckee"           ,"True"      ,"5/2/1998"  ,"Larry30925"      ,"fa3"    ,"xpTjl58"
"Laura Franklin"        ,"False"     ,"13/12/1993","Laura3090"       ,"fa4"    ,"YwAXu08"
"Aaron Williams"        ,"False"     ,"2/2/1945"  ,"Aaron31785"      ,"fa2"    ,"vSYfA90"
"Kayla Bates"           ,"True"      ,"6/6/1959"  ,"Kayla21956"      ,"fa3"    ,"LbDdS03"
"Timothy Kennedy"       ,"True"      ,"13/12/1946","Timothy7707"     ,"fa4"    ,"bbsZE64"
"Margaret White"        ,"False"     ,"30/1/1951" ,"Margaret17149"   ,"fa4"    ,"LJCni45"
"Caleb Dorsey"          ,"True"      ,"17/2/1946" ,"Caleb39885"      ,"fa2"    ,"nnUTH08"
"Kylie Becker"          ,"False"     ,"9/10/1946" ,"Kylie24329"      ,"fa1"    ,"phTaz72"
"Roger Higgins"         ,"True"      ,"25/3/1963" ,"Roger29701"      ,"fa4"    ,"Qnpos02"
"Jessica Johnson"       ,"False"     ,"9/9/1947"  ,"Jessica44538"    ,"fa3"    ,"nFQnc88"
"Travis James"          ,"False"     ,"1/12/1981" ,"Travis493"       ,"fa1"    ,"SgIot75"
"Denise Rose"           ,"True"      ,"7/9/1962"  ,"Denise7165"      ,"fa1"    ,"AZisB70"
"Jason Harris"          ,"True"      ,"30/6/1985" ,"Jason43209"      ,"fa4"    ,"avOhm25"
"Lynn Brown"            ,"True"      ,"1/3/1958"  ,"Lynn43754"       ,"fa4"    ,"Ucnvq14"
"Ronald Maynard"        ,"False"     ,"4/4/1960"  ,"Ronald10478"     ,"fa1"    ,"OBnsK57"
"Margaret Ewing"        ,"True"      ,"13/11/1965","Margaret1835"    ,"fa1"    ,"SFoFx77"
"Philip Williams"       ,"False"     ,"10/1/1982" ,"Philip44508"     ,"fa1"    ,"yhKJb68"
"Beth Flores"           ,"True"      ,"15/1/1955" ,"Beth25097"       ,"fa3"    ,"ibpUR06"
"Daniel Davis"          ,"False"     ,"25/11/1967","Daniel45957"     ,"fa3"    ,"xBqMP37"
"Whitney Nash"          ,"False"     ,"11/3/1988" ,"Whitney15431"    ,"fa2"    ,"dpXNk07"
"Matthew Simpson"       ,"False"     ,"10/1/1959" ,"Matthew49769"    ,"fa4"    ,"YwGmj39"
"Molly Mcmahon"         ,"False"     ,"1/5/1952"  ,"Molly13035"      ,"fa3"    ,"JOrnh09"
"Brian Hays"            ,"True"      ,"5/8/1987"  ,"Brian48586"      ,"fa4"    ,"UsTVZ46"
"Sheila Wright"         ,"True"      ,"28/12/1959","Sheila3161"      ,"fa1"    ,"JSEqe38"
"Dennis Solis"          ,"True"      ,"28/7/1949" ,"Dennis2113"      ,"fa2"    ,"ufMBZ32"
"Amanda Payne"          ,"True"      ,"24/1/1960" ,"Amanda1013"      ,"fa4"    ,"zmhUx40"
"Antonio Coleman"       ,"True"      ,"8/2/2001"  ,"Antonio5230"     ,"fa4"    ,"RBcoP86"
"Emily Rodriguez"       ,"True"      ,"15/5/1941" ,"Emily44877"      ,"fa3"    ,"PQIwC51"
"Thomas Cain"           ,"False"     ,"30/6/1944" ,"Thomas44728"     ,"fa2"    ,"uIrtO01"
"Judith King"           ,"True"      ,"27/5/1955" ,"Judith43909"     ,"fa3"    ,"IxfPD78"
"Daniel Powers"         ,"True"      ,"13/12/2000","Daniel42840"     ,"fa4"    ,"weLLG55"
"Julie Whitehead"       ,"True"      ,"29/3/1950" ,"Julie14389"      ,"fa3"    ,"UdmgO39"
"Manuel Mejia"          ,"False"     ,"15/5/1962" ,"Manuel20091"     ,"fa3"    ,"jptPN85"
"Karen Hill"            ,"True"      ,"29/9/1983" ,"Karen39564"      ,"fa4"    ,"EJAIU90"
"James Johnson"         ,"False"     ,"19/3/1971" ,"James22147"      ,"fa4"    ,"apTmu86"
"Maria Church"          ,"False"     ,"5/11/1997" ,"Maria49345"      ,"fa4"    ,"Vxqgx71"
"Gary Knapp"            ,"False"     ,"5/11/1957" ,"Gary15104"       ,"fa1"    ,"pzeLQ22"
"Sara Gonzalez"         ,"True"      ,"23/11/1960","Sara30615"       ,"fa3"    ,"UoRkV12"
"Eric Waters"           ,"True"      ,"6/10/1995" ,"Eric40886"       ,"fa4"    ,"yItLQ31"
"Stephanie Davidson"    ,"False"     ,"28/6/1988" ,"Stephanie31666"  ,"fa3"    ,"tnyDr39"
"Jamie Jacobson"        ,"True"      ,"27/10/1966","Jamie7702"       ,"fa2"    ,"QdoZz38"
"Ashley Grant"          ,"False"     ,"16/6/1995" ,"Ashley30836"     ,"fa2"    ,"LpOpC35"
"Glenn Cole"            ,"False"     ,"15/9/1998" ,"Glenn43867"      ,"fa4"    ,"JlGuB98"
"Valerie Ross"          ,"False"     ,"29/12/1984","Valerie41136"    ,"fa1"    ,"rcEif62"
"Benjamin Ayers"        ,"True"      ,"13/11/1975","Benjamin29379"   ,"fa1"    ,"kqNSX55"
"Shannon Bowers"        ,"True"      ,"29/8/1970" ,"Shannon20965"    ,"fa3"    ,"gmnNd59"
"Edward Dixon"          ,"True"      ,"15/3/1970" ,"Edward26784"     ,"fa1"    ,"PhWrG69"
"Alison Johnson"        ,"False"     ,"3/3/1961"  ,"Alison37426"     ,"fa1"    ,"eLklY94"
"Richard Knight"        ,"False"     ,"14/1/1977" ,"Richard7839"     ,"fa2"    ,"ulWRS40"
"Carla Haney"           ,"True"      ,"9/8/1998"  ,"Carla16774"      ,"fa3"    ,"cjpxJ48"
"Alexander Bell"        ,"True"      ,"22/3/1974" ,"Alexander28702"  ,"fa2"    ,"GOFkN63"
"Tammy Finley"          ,"False"     ,"2/8/1979"  ,"Tammy33750"      ,"fa2"    ,"gUMmQ96"
"Scott Wilson"          ,"True"      ,"12/12/1999","Scott44675"      ,"fa2"    ,"LGSjC66"
"Jennifer Valentine"    ,"True"      ,"27/4/1946" ,"Jennifer8092"    ,"fa1"    ,"xzYCE40"
"Preston Carr"          ,"False"     ,"2/12/1950" ,"Preston100"      ,"fa1"    ,"zsSlL56"
"Amy Espinoza"          ,"False"     ,"23/12/1977","Amy30826"        ,"fa1"    ,"qPOXO34"
"Kevin Warren"          ,"True"      ,"4/9/1973"  ,"Kevin14179"      ,"fa1"    ,"LpMQT94"
"Amber Hernandez"       ,"True"      ,"5/7/1972"  ,"Amber28912"      ,"fa1"    ,"HqsOP34"
"Aaron Bishop"          ,"False"     ,"22/4/1943" ,"Aaron25483"      ,"fa2"    ,"MVrUG40"
"Denise Rice"           ,"True"      ,"30/2/1958" ,"Denise43104"     ,"fa1"    ,"WgtDc25"
"Todd Cain"             ,"True"      ,"27/12/1984","Todd41961"       ,"fa2"    ,"OJbEP90"
"Lisa Bartlett"         ,"False"     ,"11/10/1949","Lisa47348"       ,"fa3"    ,"QCZBM30"
"Leonard Boyd"          ,"False"     ,"4/1/1944"  ,"Leonard1743"     ,"fa1"    ,"TSqeN58"
"Anna Howell"           ,"False"     ,"20/4/1951" ,"Anna17885"       ,"fa1"    ,"GMGWc22"
"Thomas Jones"          ,"True"      ,"3/2/1951"  ,"Thomas11568"     ,"fa4"    ,"svuAG67"
"Jasmine Hutchinson"    ,"False"     ,"28/11/1963","Jasmine45546"    ,"fa2"    ,"vaozK51"
"George Leon"           ,"False"     ,"5/3/1981"  ,"George6337"      ,"fa1"    ,"hwJjx59"
"Jamie Lee"             ,"False"     ,"12/6/1943" ,"Jamie9364"       ,"fa2"    ,"tlEGI46"
"David Harvey"          ,"True"      ,"5/7/1988"  ,"David8506"       ,"fa4"    ,"SynOr72"
"Melissa Fernandez"     ,"True"      ,"14/8/1947" ,"Melissa41313"    ,"fa4"    ,"tGOEY49"
"Glen Collins"          ,"False"     ,"19/7/1960" ,"Glen8392"        ,"fa2"    ,"EhQql27"
"Toni Davis"            ,"False"     ,"10/3/1969" ,"Toni45742"       ,"fa1"    ,"OBrtx91"
"Omar Huber"            ,"False"     ,"30/10/1958","Omar41832"       ,"fa4"    ,"CeEUZ39"
"Chelsea Williams"      ,"False"     ,"10/5/1958" ,"Chelsea27185"    ,"fa3"    ,"urSwc40"
"Ryan Francis"          ,"False"     ,"17/6/1978" ,"Ryan19291"       ,"fa4"    ,"uPARe50"
"Mary Tucker"           ,"False"     ,"4/4/1977"  ,"Mary36276"       ,"fa4"    ,"zPJih65"
"Bradley Carpenter"     ,"True"      ,"8/8/1949"  ,"Bradley35499"    ,"fa4"    ,"qHFMT24"
"Jennifer Barron"       ,"False"     ,"19/11/1942","Jennifer25680"   ,"fa1"    ,"jFmjY99"
"Kyle Sanchez"          ,"True"      ,"17/2/1985" ,"Kyle6836"        ,"fa1"    ,"krAis84"
"Kimberly Mcguire"      ,"True"      ,"9/12/1946" ,"Kimberly48735"   ,"fa1"    ,"LjNrD71"
"Joseph Edwards"        ,"True"      ,"29/3/1971" ,"Joseph12005"     ,"fa3"    ,"KEHNb83"
"Kari Valdez"           ,"False"     ,"11/2/1970" ,"Kari2367"        ,"fa2"    ,"NqLuO29"
"Dean Wright"           ,"False"     ,"6/5/1966"  ,"Dean15722"       ,"fa1"    ,"MzTQa01"
"Dawn Sweeney"          ,"False"     ,"4/5/1993"  ,"Dawn37168"       ,"fa1"    ,"QrBmG22"
"Kyle Greene"           ,"True"      ,"10/1/1979" ,"Kyle44003"       ,"fa4"    ,"OQgMT41"
"Shelly Clarke"         ,"True"      ,"9/4/1957"  ,"Shelly22047"     ,"fa2"    ,"Owkpo81"
"Justin Williams"       ,"True"      ,"7/6/1942"  ,"Justin12591"     ,"fa3"    ,"YXiTj20"
"Shirley Garza"         ,"True"      ,"12/5/1992" ,"Shirley15113"    ,"fa2"    ,"XoVAd89"
"John Garcia"           ,"True"      ,"23/3/1961" ,"John6849"        ,"fa4"    ,"Widjs39"
"Sarah Campbell"        ,"True"      ,"5/7/2001"  ,"Sarah17016"      ,"fa1"    ,"XetkU20"
"Reginald Duarte"       ,"False"     ,"8/3/1963"  ,"Reginald22107"   ,"fa3"    ,"vsbfd77"
"Melinda Scott"         ,"True"      ,"4/8/1970"  ,"Melinda20318"    ,"fa4"    ,"GmJsq06"
"Richard Jones"         ,"True"      ,"11/11/1968","Richard26097"    ,"fa1"    ,"cHQvH41"
"Christine Krueger"     ,"True"      ,"23/11/1999","Christine36135"  ,"fa4"    ,"JRAnK10"
"Gary Chen"             ,"False"     ,"4/11/1980" ,"Gary33690"       ,"fa1"    ,"IAttu34"
"Amy Kline"             ,"False"     ,"5/12/1980" ,"Amy17361"        ,"fa4"    ,"KaKQB27"
"David Murray"          ,"False"     ,"2/3/1952"  ,"David23001"      ,"fa4"    ,"oCDYf27"
"Alyssa Sloan"          ,"True"      ,"28/10/1983","Alyssa27250"     ,"fa2"    ,"OXGLJ86"
"Kevin Reyes"           ,"False"     ,"27/2/1985" ,"Kevin9690"       ,"fa3"    ,"CJWwY95"
"Pam Morton"            ,"True"      ,"21/6/1992" ,"Pam22063"        ,"fa3"    ,"WAxlq69"
"Michael Williams"      ,"True"      ,"25/11/1960","Michael22971"    ,"fa1"    ,"MbbOq44"
"Linda Johnson"         ,"True"      ,"6/2/1950"  ,"Linda36167"      ,"fa1"    ,"kHqmr71"
"James King"            ,"False"     ,"3/4/1981"  ,"James34871"      ,"fa2"    ,"dFDhn04"
"Erica Mckinney"        ,"False"     ,"8/10/1983" ,"Erica24427"      ,"fa1"    ,"LJpTy47"
"Jason Huff"            ,"False"     ,"19/5/1970" ,"Jason20183"      ,"fa1"    ,"NYniL07"
"Rhonda Smith"          ,"False"     ,"12/2/2000" ,"Rhonda3509"      ,"fa4"    ,"lLYfy22"
"Adam Carpenter"        ,"True"      ,"27/7/1976" ,"Adam22698"       ,"fa2"    ,"seHvr08"
"Ashley Marshall"       ,"False"     ,"26/5/1952" ,"Ashley23660"     ,"fa3"    ,"tCxmx85"
"Troy Payne"            ,"False"     ,"15/4/1978" ,"Troy22656"       ,"fa1"    ,"AdgmG76"
"Julie Johnson"         ,"False"     ,"19/4/1993" ,"Julie6307"       ,"fa4"    ,"DpyUd55"
"Randy Nguyen"          ,"True"      ,"7/8/1978"  ,"Randy34081"      ,"fa4"    ,"tOeVK42"
"Erica Brown"           ,"True"      ,"21/8/1941" ,"Erica45239"      ,"fa3"    ,"sgVHM04"
"John Moore"            ,"False"     ,"20/8/1959" ,"John5742"        ,"fa2"    ,"LqQuX38"
"Annette Nelson"        ,"True"      ,"15/10/1961","Annette9861"     ,"fa2"    ,"vbUAP68"
"Albert Ramos"          ,"True"      ,"18/9/1952" ,"Albert38789"     ,"fa1"    ,"oVhaW13"
"Joanne Walsh"          ,"False"     ,"24/9/1980" ,"Joanne3709"      ,"fa4"    ,"exwkY68"
"William Rosales"       ,"True"      ,"8/11/1942" ,"William7569"     ,"fa3"    ,"oJgmE77"
"Carrie Rhodes"         ,"True"      ,"13/12/1981","Carrie9436"      ,"fa2"    ,"zrGbn54"
"Rodney Roberson"       ,"False"     ,"7/10/1998" ,"Rodney5163"      ,"fa1"    ,"eZfWR42"
"Donna Stuart"          ,"True"      ,"4/5/1966"  ,"Donna32822"      ,"fa1"    ,"qDCuv22"
"Fred Cortez"           ,"True"      ,"1/8/1997"  ,"Fred7798"        ,"fa1"    ,"caDRR48"
"Shelly Davis"          ,"False"     ,"13/9/1941" ,"Shelly35220"     ,"fa1"    ,"hLofM85"
"Jason Morales"         ,"True"      ,"30/2/1943" ,"Jason24805"      ,"fa1"    ,"VfcYO39"
"Laurie Espinoza"       ,"True"      ,"6/6/1957"  ,"Laurie46097"     ,"fa1"    ,"Vklfz61"
"Shane Mcdowell"        ,"False"     ,"18/3/1958" ,"Shane32204"      ,"fa2"    ,"XLwfW06"
"Michele Evans"         ,"True"      ,"29/8/1957" ,"Michele3473"     ,"fa3"    ,"MlYsp07"
"Harry Howard"          ,"False"     ,"18/10/1964","Harry20752"      ,"fa3"    ,"bWdxT12"
"Katherine Henderson"   ,"True"      ,"13/7/1982" ,"Katherine24991"  ,"fa3"    ,"OgtGS13"
"David Browning"        ,"False"     ,"25/6/1972" ,"David6542"       ,"fa4"    ,"iUCQV72"
"Sarah Wilcox"          ,"True"      ,"23/7/1996" ,"Sarah31567"      ,"fa3"    ,"TbmBK97"
"Ryan Underwood"        ,"False"     ,"16/3/1940" ,"Ryan32344"       ,"fa4"    ,"FmCot81"
"Lori Johnson"          ,"True"      ,"7/8/1977"  ,"Lori25710"       ,"fa2"    ,"cDbuP59"
"Bruce Rivera"          ,"True"      ,"30/5/1989" ,"Bruce41321"      ,"fa3"    ,"OxitC61"
"Faith Porter"          ,"True"      ,"10/7/1943" ,"Faith17718"      ,"fa2"    ,"CifDf75"
"William Hopkins"       ,"False"     ,"30/3/1954" ,"William41510"    ,"fa3"    ,"MFgwJ76"
"Angela Phillips"       ,"True"      ,"22/2/1955" ,"Angela36263"     ,"fa4"    ,"sBSHM91"
"Ryan Moon"             ,"False"     ,"25/5/1972" ,"Ryan6760"        ,"fa1"    ,"KCQmg92"
