"name","Registered","dob","id","faculty","password"
"Ashley Gray","True","1/12/1972","Ashley10383","fa2","xJuwY91"
"Roberto Bautista","True","6/11/1988","Roberto6017","fa3","tzwTv64"
"Tammy Hayden","False","21/12/1990","Tammy7172","fa3","WbUvi25"
"Matthew Smith","True","1/3/1994","Matthew23832","fa2","XwhEo52"
"Chloe Morgan","True","29/9/1971","Chloe38142","fa3","hvPEP49"
"Dustin Wade","True","19/10/1965","Dustin44189","fa2","XerWk73"
"Sonia Yang","True","26/6/1959","Sonia48698","fa1","visUf50"
"Shane Vargas","False","13/10/1948","Shane34240","fa2","GHpbM13"
"Bonnie Francis","True","8/1/1960","Bonnie12480","fa1","CWRqb75"
"Darryl Hall","False","29/7/1984","Darryl18742","fa1","CjPmw06"
"Shannon Brooks","True","8/8/1967","Shannon42016","fa1","krkSW59"
"Joseph Lee","True","1/9/1999","Joseph7460","fa2","HbIpS16"
"Lisa Smith","False","2/12/1985","Lisa41236","fa4","rVtnb35"
"Alan Brown","True","30/10/1968","Alan17758","fa1","nLgOM35"
"Sarah Lucas","False","6/7/1979","Sarah31581","fa4","zVJyc92"
"Adrian Moody","True","25/2/1983","Adrian18283","fa2","xztCg59"
"Emily Fitzpatrick","True","21/1/1947","Emily27903","fa1","OoFZT72"
"Gabriel Moran","True","4/10/1989","Gabriel41943","fa3","GMhku57"
"Latoya Taylor","True","8/5/1995","Latoya45126","fa2","mierr48"
"John Bell","True","19/5/1983","John20562","fa3","Myncp34"
"Margaret Barry","True","13/7/1962","Margaret6038","fa1","WYGKZ61"
"Dennis Stanley","False","8/6/1960","Dennis7925","fa2","MQBEM99"
"Christina Bauer","False","5/1/1994","Christina25638","fa4","AEDUk74"
"Douglas Obrien","False","30/7/1953","Douglas38710","fa4","AOMLm48"
"Amy Caldwell","False","17/5/1955","Amy11285","fa2","xcLML12"
"Timothy Jones","False","7/2/1975","Timothy33815","fa3","SomjI29"
"Lauren Ryan","True","13/4/1962","Lauren37539","fa3","pNxJO47"
"Christopher Harris","True","21/5/1989","Christopher24026","fa2","uadRy29"
"Deborah Stein","True","21/1/1983","Deborah41944","fa3","qvyqe28"
"Tommy Cooper","True","26/9/1952","Tommy14530","fa4","gosmh31"
"Rebecca Mcfarland","True","23/1/1959","Rebecca32647","fa1","DxGei37"
"Gerald Mcneil","True","12/5/1981","Gerald10958","fa4","gwHdK39"
"Samantha Hawkins","True","30/6/2000","Samantha644","fa2","HuJij40"
"Steven Meyer","True","16/12/1958","Steven3236","fa3","lcwqM38"
"Regina Berger","True","27/12/1988","Regina21400","fa1","TQHhe80"
"Dalton Robles","False","14/7/1969","Dalton9893","fa3","lJBpr22"
"Sheri Alexander","False","10/4/1969","Sheri40535","fa4","JSOox97"
"Raymond Macdonald","False","1/8/1947","Raymond43440","fa3","ywWXG94"
"Rose Brown","False","8/12/1986","Rose39642","fa4","WitAB65"
"Robert Fleming","False","14/5/1955","Robert108","fa4","QqdIR23"
"Krista Taylor","False","4/10/1958","Krista46917","fa3","oJPnb60"
"John Ferguson","False","3/7/1960","John33702","fa1","eafYJ65"
"Ashley Murphy","False","23/1/1955","Ashley27671","fa2","NFABN50"
"David Garcia","False","13/5/1943","David10079","fa3","GVxuP38"
"Veronica Byrd","False","4/6/1988","Veronica889","fa2","vRPyj23"
"Roy Arellano","True","28/2/1946","Roy46235","fa2","gEKpN32"
"Tracy Arias","False","22/1/1978","Tracy25837","fa1","INvlF18"
"Jorge Gregory","False","12/11/1973","Jorge32824","fa1","BWNuk65"
"Nicole Norris","False","24/10/1986","Nicole6679","fa1","ZEKuN95"
"Mark Brooks","False","30/5/1985","Mark1442","fa4","htoXp72"
"Kelsey Robbins","True","1/12/1958","Kelsey2001","fa3","Btdlu60"
"Jose Conley","True","29/7/1989","Jose9435","fa2","mRcRv21"
"Wendy Ewing","True","26/2/1970","Wendy41065","fa2","QBoid99"
"Jeremy Cummings","True","10/6/1971","Jeremy6402","fa3","pzLKj34"
"Melissa Ryan","False","14/12/1975","Melissa28501","fa3","UsSQG48"
"Christopher Alexander","False","19/4/1990","Christopher2049","fa3","ZJMJO59"
"Virginia Jones","False","24/1/1967","Virginia14619","fa1","TtGgx77"
"Charles Roberts","False","26/10/1952","Charles7674","fa2","PnBEV07"
"Amy Perez","True","6/3/1968","Amy17870","fa4","gkbQe45"
"Paul Berg","False","14/4/1951","Paul1589","fa2","VYdAt23"
"Elizabeth Blair","False","18/5/1972","Elizabeth327","fa1","mtUqp04"
"Steven Acosta","True","28/6/1940","Steven13416","fa3","NHStA28"
"Linda Valdez","False","6/8/1986","Linda34024","fa2","UQrot81"
"Todd Oneal","False","16/9/1968","Todd27898","fa3","NqZbu89"
"Anna Hodges","False","11/11/1976","Anna40532","fa2","iFIRz46"
"Roger Mercado","True","17/10/1991","Roger49766","fa4","gjABv50"
"Penny Holden","False","16/9/1946","Penny34281","fa4","PNpHY03"
"Eddie Bolton","False","19/2/1971","Eddie42204","fa4","dqJmb26"
"Jaime Coleman","False","16/11/1972","Jaime9689","fa4","kXFEu80"
"Nicholas Meyer","False","23/12/2001","Nicholas26514","fa4","RUMka83"
"Ashley Preston","False","29/8/1993","Ashley41005","fa2","WTXTc54"
"Gregory Cox","False","15/3/1988","Gregory37957","fa4","DQPFi02"
"Pamela Swanson","True","21/5/1990","Pamela47960","fa1","bkUxL98"
"Thomas Lopez","True","13/8/1978","Thomas25010","fa3","kVQtk14"
"Renee Hubbard","False","26/1/1943","Renee3500","fa2","baiKn16"
"Cameron Marquez","False","3/9/1946","Cameron26624","fa3","Ldbzk94"
"Maria Black","False","28/4/1977","Maria40784","fa4","zBiNF39"
"Richard Lynch","True","4/3/1992","Richard31168","fa4","jTfvo32"
"Rachel Wright","False","15/5/1995","Rachel34804","fa3","RNeJa72"
"Jimmy Pham","False","16/9/1960","Jimmy44330","fa1","xCBgR67"
"Monique Graves","True","9/7/1977","Monique5825","fa2","VBCZl04"
"Ryan Sandoval","True","5/7/1960","Ryan39071","fa3","axSfw67"
"Stephanie Tate","True","16/12/1990","Stephanie21336","fa1","gyKcD47"
"Mark Mcdaniel","True","2/10/1967","Mark19887","fa1","nZlbI68"
"Kimberly Bates","False","17/12/1949","Kimberly40983","fa1","JZzEG26"
"Donald Bell","False","20/12/1980","Donald22858","fa1","ILVhJ11"
"Karen Porter","False","21/5/1953","Karen6107","fa1","UFkAd58"
"Isaac Bush","False","20/2/1975","Isaac24997","fa1","PWiVT31"
"Abigail Booth","True","3/1/1947","Abigail34792","fa4","tpGXs41"
"Jeremy Thompson","True","13/5/1965","Jeremy41959","fa2","xjXgx21"
"Erika Jackson","False","17/1/1949","Erika43241","fa2","mNMAp39"
"Robert Welch","True","18/3/1978","Robert30974","fa2","Xhugc22"
"Melissa Jordan","True","13/10/1978","Melissa37970","fa2","jGicH65"
"Jason Morse","False","8/1/1968","Jason14717","fa1","daBbB99"
"Stephanie Bailey","True","20/3/1964","Stephanie24865","fa2","CjciW59"
"Robert Walker","False","29/6/1994","Robert43605","fa3","aYYKT61"
"Mckenzie Schroeder","False","2/11/1956","Mckenzie36356","fa3","xYNqU37"
"Michael Mcknight","False","5/7/1961","Michael19265","fa4","VURGX91"
"Julia Sawyer","False","18/6/1986","Julia8778","fa2","ikSFW80"
"Derrick Smith","True","22/8/1946","Derrick1667","fa1","CAeLt53"
"Pamela Richards","True","20/4/1985","Pamela5473","fa4","xceGz53"
"Paul Kane","False","12/11/1980","Paul49736","fa2","lfLko60"
"Cheryl Reyes","True","7/8/2001","Cheryl44668","fa2","QqpfW48"
"James Price","True","15/7/1965","James30382","fa1","LJmsp17"
"Kara Butler","False","18/2/1944","Kara5001","fa3","luMZa73"
"Adam Shea","False","25/6/1969","Adam15875","fa1","FKNke02"
"Jennifer Soto","False","26/12/1949","Jennifer27849","fa1","bEnjb04"
"Robert James","False","18/11/1973","Robert12982","fa1","iqthg46"
"Theresa Hodges","True","7/8/1946","Theresa23201","fa1","IdLsm20"
"Michael Weber","True","13/3/1959","Michael32879","fa3","bwAkG21"
"Laura Lopez","True","30/6/1980","Laura27733","fa3","qqwRV44"
"David Buck","True","19/1/1950","David47510","fa2","qETGR00"
"Ashley Alexander","True","1/9/1982","Ashley43579","fa1","GykRN61"
"Jonathan Grimes","False","17/3/1954","Jonathan21642","fa1","GZZai12"
"Rachel Garrison","False","4/9/1979","Rachel48059","fa1","vARbw19"
"Gregory Flores","True","23/8/1992","Gregory33875","fa3","qpPLM13"
"Sarah Jones","False","6/5/1969","Sarah41076","fa1","ODbin75"
"Antonio Gray","False","12/12/1951","Antonio33289","fa3","atgJv09"
"Selena Lowe","True","9/1/1962","Selena27634","fa4","AKyVI95"
"Brian Garcia","False","4/11/1970","Brian35071","fa4","YROMo03"
"Elizabeth Morris","True","14/6/1980","Elizabeth41097","fa1","oeaSW23"
"Russell Thomas","True","12/5/1985","Russell37149","fa2","JHWnA17"
"Denise Weber","True","22/10/1973","Denise15031","fa4","Ksxzm77"
"Christopher Adams","False","24/11/1990","Christopher47172","fa2","RbawI82"
"Gina Brown","False","1/9/1964","Gina22712","fa4","abXlH47"
"Allen Houston","True","27/2/1955","Allen26219","fa3","qiXIU16"
"Nancy Williams","False","29/5/1944","Nancy30603","fa3","QCbCc36"
"Bryan Cole","False","1/9/1999","Bryan9653","fa3","psUUv17"
"Tanya Roberts","True","24/1/1998","Tanya35912","fa4","KAhbb75"
"Curtis Burke","True","30/2/1960","Curtis30948","fa1","zUAWM51"
"Angela Garcia","True","17/7/1944","Angela1740","fa2","pytFT84"
"Richard Stewart","False","1/1/1999","Richard4798","fa3","sxsWq19"
"Kelly Saunders","True","13/2/1967","Kelly23035","fa1","QDSEJ09"
"John Henderson","True","21/1/1967","John11706","fa2","TuJOE92"
"Claudia Lambert","True","10/5/1963","Claudia10715","fa1","QUoXK15"
"Brian Walker","False","16/2/1945","Brian36863","fa3","NrWmT03"
"Taylor Daugherty","True","21/6/1996","Taylor40469","fa1","rzGoa95"
"Greg Johnson","False","3/6/1985","Greg7680","fa3","cvBPH53"
"Chelsea Williams","False","15/7/1948","Chelsea12632","fa2","XuYBG49"
"Jacob Smith","False","11/4/1951","Jacob24957","fa2","azPHY90"
"Molly Obrien","True","28/7/1969","Molly33726","fa1","UtufV61"
"Micheal Hall","True","5/12/1954","Micheal20334","fa3","TUQQB40"
"Sarah Murphy","False","15/10/1963","Sarah15261","fa4","noNLu34"
"James Salas","True","4/4/1990","James3538","fa4","TpXml52"
"Jennifer Wilson","False","6/4/1957","Jennifer20199","fa1","ZzRTR32"
"Christian Haynes","True","20/10/1971","Christian34680","fa3","vPnfB07"
"Lindsay Leblanc","True","11/10/1972","Lindsay18596","fa3","FmWCX02"
"Tyler Vazquez","True","1/7/1961","Tyler16403","fa1","HzQOF73"
"Elizabeth Guzman","False","14/11/1977","Elizabeth27880","fa4","aPpUu02"
"Christopher Johnson","True","3/9/1953","Christopher39166","fa4","gIRUO33"
"Brittany Allison","True","13/9/1958","Brittany20786","fa3","vXApj28"
"Travis Williams","True","1/3/1992","Travis48432","fa1","UvUAv72"
"Amanda Johnston","True","1/6/1961","Amanda44027","fa3","daOdH54"
"Brian Hancock","False","5/10/1952","Brian4037","fa2","hoKNm21"
"Misty Cain","True","13/1/1978","Misty22418","fa2","SseGi12"
"Daniel Bailey","False","21/2/1950","Daniel176","fa3","XwcGz32"
"Alicia Chavez","True","18/9/1993","Alicia37025","fa3","sStSk93"
"Matthew Allen","False","9/4/1993","Matthew11326","fa2","tIPsR72"
"Michele Woodard","True","5/2/1999","Michele13679","fa1","Rlpmh39"
"Ryan Holland","True","17/2/1971","Ryan20470","fa2","ixizS36"
"Deborah Weaver","True","13/9/1945","Deborah44083","fa4","JOZlu87"
"Joe Lewis","True","5/1/1945","Joe28965","fa3","thOEW47"
"Alyssa Mckinney","True","24/2/1965","Alyssa10775","fa1","LnBcj49"
"Curtis Manning","True","12/8/1941","Curtis29016","fa3","nySOa89"
"Sara Wolfe","False","1/1/1997","Sara6777","fa2","fjZzi61"
"Donald Herman","True","28/4/1943","Donald24980","fa1","kywsL28"
"Tracy Williams","False","15/3/1948","Tracy39746","fa3","xTQch41"
"David Nunez","True","10/1/1981","David26818","fa2","tjMQn05"
"Joanna Farley","True","2/9/1979","Joanna5034","fa3","ZQXaS87"
"Thomas Gonzales","False","11/12/1960","Thomas40911","fa2","PiocE96"
"Andrea Booth","True","9/8/1980","Andrea16087","fa4","TcQaY52"
"Sean Stanton","False","27/2/1979","Sean10600","fa4","rKwgT45"
"Ann Sanchez","False","5/10/1972","Ann22718","fa2","eBdzO65"
"Daniel Beck","False","30/10/1950","Daniel29448","fa4","VnAlN55"
"Tina Smith","False","14/8/1944","Tina19804","fa4","pEfCY29"
"Robert Hernandez","True","3/12/1971","Robert16364","fa3","BysnN42"
"Jillian Warren","True","22/2/1944","Jillian42517","fa3","sTFqB10"
"James Clark","False","18/8/1940","James45943","fa4","hThPa71"
"Diane Edwards","True","21/6/1962","Diane9048","fa2","rZPpm91"
"Joseph Johnson","True","16/9/1950","Joseph37318","fa1","dEgiv58"
"Gail Beck","False","8/3/1993","Gail4504","fa3","BNmaJ10"
"Brad Carter","True","26/1/1985","Brad13710","fa4","akBrT83"
"Jessica Nelson","False","13/7/2001","Jessica3707","fa2","glhmm98"
"Kevin Walter","True","29/11/1965","Kevin14518","fa2","RdBTB45"
"Jessica Sanders","True","17/10/1968","Jessica43007","fa1","CJoqB27"
"William Whitehead","False","24/1/1970","William26640","fa3","bPYRQ13"
"Kathleen Cook","False","5/6/1987","Kathleen21409","fa1","zsrMJ01"
"James Garner","True","30/12/1940","James6800","fa1","INchx97"
"Elaine Smith","False","10/4/1977","Elaine44704","fa2","MUUWg54"
"William Molina","True","8/2/1967","William21541","fa1","wJosz34"
"Veronica Morris","True","12/10/1987","Veronica7919","fa1","TyWsR29"
"Brendan Tucker","True","22/1/1947","Brendan10120","fa3","CDYKX29"
"Jennifer Thomas","False","13/7/1941","Jennifer32563","fa3","Qggbd38"
"Robert Henderson","True","24/3/1979","Robert23424","fa3","bvfap00"
"Mallory Lee","True","4/3/1987","Mallory17799","fa2","NaFxR74"
"John Proctor","True","9/8/1983","John16517","fa4","CgCCr67"
"Catherine Sullivan","False","12/12/1955","Catherine22164","fa3","VWSTf99"
"Andrew Juarez","False","6/12/1974","Andrew26292","fa3","nQAHb23"
"Mercedes Cruz","False","17/4/1972","Mercedes13087","fa1","pVyzt75"
"Michael Cortez","True","4/9/1970","Michael25956","fa4","uHSQE18"
"Lisa Johnston","False","28/4/1978","Lisa27681","fa4","htoQJ88"
"Brady Ibarra","True","17/7/1968","Brady14443","fa4","mImXv90"
"Brandy Farmer","True","4/9/1986","Brandy19184","fa3","YWXsb15"
"David Morrison","False","17/5/1951","David9944","fa4","WfWQJ83"
"Melissa Brock","False","1/7/1965","Melissa20334","fa1","SJkFb18"
"Anthony Garcia","True","14/12/1945","Anthony21543","fa4","bCCDD52"
"Laurie Hansen","True","10/10/1982","Laurie9469","fa4","UUnBN04"
"Michael Martin","True","7/7/1961","Michael39664","fa3","RNAEI86"
"Emma Howell","False","1/6/1963","Emma32482","fa2","XlQLn24"
"Alexander Bolton","False","26/7/1943","Alexander353","fa4","Yjabr08"
"Samantha Hogan","True","27/3/1981","Samantha35218","fa2","bsHYo19"
"William Stafford","False","12/11/1944","William26255","fa3","xlIQD53"
"Melissa Gilbert","False","10/4/1980","Melissa13272","fa1","FelQn63"
"Shawn Tran","True","14/7/1967","Shawn22575","fa4","IoDJV79"
"Pamela Perez","False","4/2/1984","Pamela47988","fa2","XsLGH87"
"Justin Peters","False","7/4/1978","Justin47184","fa3","KaCzP07"
"Denise Roberts","True","18/6/1952","Denise17428","fa2","PDSyq02"
"Noah Blanchard","True","26/5/1961","Noah44727","fa2","WQDzT77"
"Candace Ross","True","3/2/1978","Candace2862","fa4","UKyNo13"
"Collin Weber","True","16/4/1948","Collin8375","fa2","yiYbT88"
"Morgan Paul","True","11/9/1971","Morgan49753","fa4","GRKvU67"
"Charles Edwards","False","11/5/1942","Charles31734","fa2","wpUFn88"
"Carla Wilson","True","4/8/1994","Carla36624","fa4","Cylzm37"
"David Martinez","False","18/1/1943","David13083","fa1","uuqlL87"
"Rose Perry","True","16/10/1973","Rose24154","fa2","xuwiA71"
"Peter Scott","True","13/9/1961","Peter26319","fa3","uPMUB28"
"Julie Garcia","False","1/4/1991","Julie26479","fa3","RTXZu61"
"David Anderson","True","27/9/1955","David47620","fa2","ZoAEW21"
"Mary Jenkins","False","23/7/1987","Mary30659","fa2","Uscdn08"
"Joseph Wilson","False","23/1/1994","Joseph13471","fa1","vbxsZ09"
"Anna Rios","True","7/8/1996","Anna798","fa1","ebjfv13"
"Austin Banks","False","17/11/1976","Austin46971","fa1","QMFXr78"
"Debra Barnes","False","7/2/1999","Debra39710","fa2","KBEez03"
"Maxwell Hanson","True","13/10/1997","Maxwell29460","fa3","azyCO71"
"Kristin Wheeler","True","15/11/1948","Kristin45530","fa4","kUZXB85"
"Matthew Thomas","True","9/5/1946","Matthew47908","fa3","CfFPn29"
"Jessica Monroe","False","18/3/1945","Jessica38113","fa2","wcHSR95"
"Jared Walker","True","4/1/1994","Jared30226","fa2","uAqdL64"
"Angel Barron","True","19/10/1950","Angel43502","fa2","bEXwN14"
"Cody Fuller","False","24/2/1999","Cody46848","fa4","MkaBm93"
"Nicole Martinez","False","22/7/1969","Nicole26228","fa3","jxrsJ76"
"James Webb","False","29/12/1993","James17772","fa3","MYDWd64"
"Nicole Gillespie","True","21/1/1943","Nicole46358","fa2","aLkaH87"
"Thomas Serrano","True","24/1/1949","Thomas15966","fa2","EyFxn13"
"Alicia Bond","True","30/6/1965","Alicia46921","fa1","WAwUA81"
"Russell Higgins","False","6/6/1971","Russell5653","fa1","SFPwS86"
"Jessica Collins","False","17/4/1992","Jessica37434","fa2","OXszK96"
"Gary Mason","True","5/9/1981","Gary20312","fa3","EUmZH79"
"Carrie Chen","True","8/4/1995","Carrie6560","fa3","Rgtnj31"
"Michael Garza","True","21/3/1978","Michael11339","fa1","awNEs24"
"Tanya Stevenson","True","28/7/1955","Tanya21743","fa4","Vgycn03"
"Clayton Smith","False","8/9/1965","Clayton33940","fa2","fjRjo78"
"Debra Walker","True","7/3/1997","Debra22276","fa2","dWEgm88"
"Larry Lowe","True","1/8/1977","Larry8909","fa2","ydbMd35"
"Bailey Smith","True","9/4/1976","Bailey14741","fa3","YklxU61"
"Gregory Hill","False","25/2/1986","Gregory26722","fa1","RjYJE19"
"Holly Christian","False","23/7/1955","Holly2734","fa2","brcfu87"
"Michael Landry","False","2/1/1960","Michael19677","fa1","GlKVj13"
"Rachel Garcia","True","26/10/2001","Rachel4766","fa2","DJPKr65"
"Robert Graham","True","22/12/1956","Robert33391","fa4","YAjQT45"
"Linda Johnson","False","26/9/1966","Linda23015","fa2","YxpwE08"
"Ryan Kim","True","7/1/1994","Ryan15724","fa3","XbamI22"
"Latoya Allison","True","16/3/1984","Latoya24337","fa2","bKNmI25"
"Randy Allen","True","6/5/1996","Randy38543","fa3","frfkW82"
"Danielle Graves","True","23/12/1967","Danielle19605","fa3","sJFew14"
"Jackson Warner","True","25/6/1979","Jackson49726","fa3","ZZWaa53"
"Michelle Miller","False","7/9/1988","Michelle15756","fa2","fdFgP84"
"Edwin Lopez","False","11/9/1944","Edwin26693","fa4","QhjSk86"
"Emily Harris","False","7/2/1993","Emily7020","fa4","SgQcl26"
"Randall Weiss","True","21/3/1947","Randall30745","fa2","ajsKS48"
"Hannah Davis","True","1/9/1956","Hannah30181","fa3","zXjxQ18"
"Jorge Small","True","29/8/1947","Jorge25390","fa4","ayOAi17"
"Tricia Welch","False","17/12/1951","Tricia3804","fa3","tHFjX14"
"Aaron Floyd","True","16/11/1946","Aaron16137","fa2","VKyaH24"
"Pamela Larson","True","17/4/1941","Pamela34489","fa1","ZTkum17"
"Carl Richards","True","20/8/1956","Carl1169","fa3","FaSyd79"
"Debbie Maldonado","False","28/6/1996","Debbie23031","fa3","oNeXs34"
"Jamie Mcclain","True","30/4/1954","Jamie45573","fa1","IcYhV38"
"Rhonda Russell","False","13/3/2001","Rhonda17441","fa1","XHFBJ86"
"Stephen Wilson","True","22/6/1989","Stephen4479","fa3","OYDDl46"
"Janet Callahan","True","12/5/1972","Janet24299","fa1","putyx02"
"Jonathan Dorsey","True","10/12/1985","Jonathan37708","fa4","heirM17"
"Lauren Parrish","False","22/6/1959","Lauren35889","fa3","iMAzt32"
"Michael Davis","True","9/3/1988","Michael49011","fa4","DgRQa56"
"Jennifer Walker","True","19/11/1961","Jennifer36602","fa3","dNVVY05"
"Michael Lopez","False","30/7/1941","Michael36385","fa4","CnFpT94"
"Katherine Smith","False","29/6/1995","Katherine368","fa1","COWGG22"
"William Taylor","False","9/9/1948","William38748","fa3","HSZdy13"
"Jessica Frank","False","20/3/1962","Jessica29075","fa4","GEoIv00"
"Phillip Barton","True","10/5/1983","Phillip15357","fa3","nCVYA33"
"Lisa Young","True","8/8/1987","Lisa42690","fa1","xuHkk69"
"Jose Thompson","True","22/6/1998","Jose21200","fa4","mLbNE80"
"Carla Fleming","False","6/11/1949","Carla34156","fa4","frgAS25"
"Joshua Reeves","False","21/5/1999","Joshua46430","fa4","ltSUn47"
"Erin Holland","True","20/12/1954","Erin15889","fa4","SzfXY74"
"Reginald Brady","False","17/12/1966","Reginald40862","fa2","tuxOW76"
"Barbara Hansen","False","9/1/2001","Barbara25403","fa3","fxwCB47"
"Justin Gordon","True","4/3/1993","Justin28504","fa1","WQxfw72"
"Shannon Neal","True","26/6/1982","Shannon18724","fa4","psarY80"
"Jeffery Brown","True","6/6/1988","Jeffery30911","fa4","uUjtP02"
"Latasha Reynolds","True","7/4/1948","Latasha22688","fa2","UIIfr66"
"Troy Scott","True","6/5/1951","Troy26358","fa1","XVYPI18"
"Margaret Davis","False","7/11/1995","Margaret34416","fa2","sUuXo71"
"Gary Cole","False","25/9/1961","Gary1216","fa1","mkANo73"
"Alexandra Smith","True","28/12/1949","Alexandra31260","fa2","HVxCh77"
"Michael Jennings","False","23/9/1954","Michael23224","fa2","dEwCW98"
"Courtney West","False","1/12/1979","Courtney49528","fa3","tBhNh45"
"Roberto Howard","False","9/8/1964","Roberto2129","fa1","ovZuX38"
"Erin Luna","True","26/9/1970","Erin43869","fa3","RThUL61"
"William Davis","False","10/12/1947","William7180","fa1","mCPxf02"
"Brandi Coleman","True","29/4/1964","Brandi17756","fa4","MJtCO44"
"James Montgomery","True","19/11/2001","James9314","fa3","ZedVY34"
"Brenda Martinez","False","22/3/1961","Brenda22689","fa1","ZPODD59"
"Jack Ortiz","False","22/1/1952","Jack47442","fa1","RYrJv57"
"Mariah Cole","False","4/9/1950","Mariah39807","fa2","ptQKM67"
"Dave Austin","False","14/4/1996","Dave25824","fa1","EroDt92"
"Danielle Lam","False","21/6/1998","Danielle31455","fa4","XwpOF86"
"Gregory Peters","True","1/1/1994","Gregory1096","fa4","gsSka35"
"Amber Torres","True","8/11/1979","Amber18208","fa2","vAYEi55"
"James Aguirre","True","11/8/1984","James17541","fa3","qajTh14"
"Mary Marquez","False","1/11/1952","Mary41213","fa1","ERhCH95"
"Isaiah Lewis","True","29/2/1942","Isaiah46157","fa4","swLHI90"
"Lindsey Johnson","True","19/5/1942","Lindsey32161","fa1","MCXpk10"
"Robert Lynch","False","10/5/1958","Robert8082","fa4","ADzWi94"
"Courtney Goodman","False","29/9/1980","Courtney32782","fa3","Syaqf40"
"John Terry","True","18/2/1971","John18493","fa3","GGUda42"
"Heidi Chan","False","5/7/1961","Heidi35071","fa2","tcdPB75"
"Rodney Nichols","True","14/2/1964","Rodney5943","fa4","kGaxJ43"
"Kimberly Campbell","True","26/7/1968","Kimberly685","fa1","QXIOB21"
"Kyle Parker","True","23/7/1996","Kyle29784","fa1","SCpxR35"
"Felicia Robinson","False","17/9/1956","Felicia17241","fa1","lSCKc68"
"Kenneth Abbott","False","8/3/1942","Kenneth15212","fa3","ouCdK80"
"Maria Snyder","False","22/11/1960","Maria38102","fa2","rNUZq59"
"Lee Hammond","True","10/9/1998","Lee8996","fa3","iYJQT51"
"Kimberly Mckee","True","28/4/1969","Kimberly48446","fa3","HRive23"
"Jimmy Chapman","False","23/4/1979","Jimmy33961","fa3","vCMWP70"
"Jennifer Collins","False","12/1/1997","Jennifer33802","fa3","xqhwx91"
"Charles Bass","False","12/10/1989","Charles9425","fa1","cBPLH16"
"Martha Briggs","False","6/10/1999","Martha7310","fa2","qvVuJ43"
"Jerry Kennedy","False","24/5/1984","Jerry29155","fa2","xtcIW99"
"Cynthia Fletcher","False","8/5/2000","Cynthia35377","fa3","TdWWs44"
"Matthew Casey","True","28/7/1976","Matthew25921","fa1","fmiCz62"
"Ashley Smith","True","2/8/1978","Ashley16181","fa4","tAljC80"
"Scott Mays","False","10/8/1946","Scott34995","fa4","BljOn41"
"Amber Barnes","True","23/12/1971","Amber12023","fa2","ELhYP31"
"Manuel Gregory","True","4/5/1995","Manuel45165","fa4","cUebq36"
"Danielle Coleman","True","1/11/2001","Danielle33392","fa4","LEAZd50"
"Thomas Robles","True","3/10/1962","Thomas49171","fa1","IrUjQ15"
"Nicole Ortega","False","2/10/1943","Nicole13064","fa1","vBKVW39"
"Craig Patterson","False","10/10/1978","Craig8813","fa1","eFMxb65"
"Michelle Gibson","False","3/3/1979","Michelle30165","fa2","AHOAl21"
"Billy Snyder","False","19/5/1962","Billy1621","fa3","iShXV18"
"Courtney Petty","True","13/10/1993","Courtney32414","fa4","PPaUT72"
"William Perry","False","3/10/1973","William38486","fa1","wnFBZ39"
"Julie Long","True","5/1/1963","Julie30287","fa4","aRqEr27"
"Mark Kane","False","29/3/1940","Mark40510","fa3","eaqxz77"
"Amy Lester","True","24/5/1986","Amy3856","fa3","MDNMj68"
"Kenneth Mueller","True","19/7/1958","Kenneth31673","fa4","wGWAU94"
"Courtney Hoffman","False","1/3/1947","Courtney32106","fa3","kSdcX28"
"Michael Simmons","False","17/11/1968","Michael21056","fa2","tyKof12"
"Krystal Howard","True","20/3/1963","Krystal25214","fa1","AbINN46"
"Christian Lane","False","2/6/1969","Christian17437","fa3","doNAY82"
"Sarah Curtis","False","14/4/1980","Sarah29187","fa3","bhFAy54"
"Micheal Richardson","False","21/7/1980","Micheal42140","fa2","DGlhc01"
"Nicole Wilson","False","17/9/1980","Nicole13497","fa2","VLrDo54"
"Vincent Li","True","28/4/1958","Vincent36822","fa3","WpZpc59"
"Destiny Anderson","True","10/2/1973","Destiny22313","fa2","hUXVq03"
"David Garza","True","17/3/1969","David49757","fa1","jQduC49"
"Angela Ballard","True","14/6/1954","Angela3866","fa2","htpHW47"
"Paul Ellis","True","5/2/1956","Paul22533","fa1","aiDyb43"
"Michelle Robertson","True","27/2/1987","Michelle19246","fa4","AkWkC94"
"Brian Pham","True","16/4/1957","Brian49287","fa1","Xntxi43"
"Jennifer Hopkins","False","25/8/1977","Jennifer35074","fa2","QmVwz99"
"David Watson","False","22/1/2001","David9381","fa2","gLUPY83"
"Nicole Peterson","False","17/5/1990","Nicole31684","fa2","aUcMx64"
"Gerald Roberts","True","21/6/2000","Gerald7118","fa1","syuXS49"
"Nancy Garrett","True","1/12/1969","Nancy16472","fa2","CStWp36"
"Christopher Green","False","4/5/1964","Christopher41780","fa1","TXSxq23"
"Cheyenne Davis","True","9/8/1985","Cheyenne44199","fa3","phBvc54"
"Joseph Mccarty","True","5/4/1964","Joseph35663","fa2","YqAlG84"
"Emily Pruitt","True","11/12/1991","Emily6760","fa2","OPxGr30"
"Adam Hale","True","22/1/1940","Adam16553","fa2","cGFMD18"
"Michelle Bass","False","5/4/1987","Michelle46424","fa4","ZGOrl76"
"Philip Tate","False","18/7/1985","Philip3989","fa4","EIoKS48"
"Julie Stevens","False","27/7/1955","Julie31377","fa3","Jbgsc97"
"Jason Parker","False","17/5/1989","Jason15867","fa1","oCfHz52"
"Sarah Carter","True","13/8/2000","Sarah42789","fa3","wVymt41"
"Andrew Lee","True","3/1/1949","Andrew32556","fa1","TMfgX38"
"Carmen Baker","False","30/8/1997","Carmen35424","fa4","HxpHP82"
"Lee Garza","True","11/3/1976","Lee45942","fa3","GUxVH95"
"Angelica Powell","True","9/3/1968","Angelica9040","fa2","FNokf42"
"Andrew Thompson","True","6/8/1949","Andrew14701","fa1","IZacw22"
"Anna Lewis","False","19/4/1966","Anna14186","fa4","VsuBg85"
"Jonathan Thomas","False","2/8/1972","Jonathan11026","fa4","CdyAN46"
"Destiny Boyer","False","27/6/1973","Destiny40357","fa2","OAiij20"
"Michael Watkins","False","26/10/1952","Michael42760","fa1","ZfaNI39"
"Anna Smith","False","10/4/1971","Anna46840","fa1","HhZzC48"
"John Nolan","True","10/1/1962","John9792","fa1","kpsbe22"
"Ashley Hernandez","True","17/1/1955","Ashley34741","fa4","TQBhD02"
"Robert Griffin","False","23/6/1975","Robert27998","fa3","LsOUG05"
"Kelly Jackson","True","2/1/1990","Kelly17277","fa1","kdtoR33"
"Jeffrey Obrien","True","6/5/1965","Jeffrey17977","fa4","plFKM76"
"Katelyn Blackwell","False","23/7/1972","Katelyn21014","fa2","bivxV37"
"James Mendoza","True","4/2/1943","James42132","fa3","ChrYS23"
"April Fernandez","False","15/12/1952","April44830","fa1","UsBeh81"
"Christopher Solis","False","12/12/1950","Christopher17128","fa3","SSKzb42"
"Angela Osborne","True","19/2/1947","Angela2988","fa4","omedT65"
"Robert Sullivan","True","18/6/1967","Robert14145","fa4","qVvNt78"
"Tanya Roberson","False","28/6/1978","Tanya3810","fa2","GqWXY59"
"Jeremy Wang","False","15/10/1996","Jeremy39777","fa2","SOcGT87"
"Ann Velazquez","True","10/11/1961","Ann9791","fa1","EtUpR57"
"James Whitehead","False","14/1/1978","James12838","fa2","oXgYm04"
"Sherry Sloan","False","21/5/1944","Sherry15174","fa2","KMbHQ96"
"Anthony Hoffman","False","1/1/1962","Anthony14927","fa2","CBskO99"
"Tara Peterson","True","28/9/1978","Tara19727","fa3","oHVFD56"
"Scott Molina","False","1/2/1943","Scott2083","fa1","xOOrV68"
"Faith Harmon","False","6/9/1995","Faith19960","fa4","jqVhM28"
"Derek Monroe","False","10/9/1953","Derek36329","fa2","CsqKp17"
"Judith Williams","False","13/8/1952","Judith7533","fa4","bQzEB64"
"Joshua Petersen","True","18/10/1992","Joshua1565","fa1","NdrkH81"
"Amy Mcintosh","False","9/3/1960","Amy12744","fa2","bKWut39"
"Joseph Madden","False","6/5/1941","Joseph19471","fa4","dSlti96"
"Barbara Arnold","False","2/11/1944","Barbara27240","fa4","FYOse70"
"Harold Kelley","True","19/2/1957","Harold48378","fa2","EhcFA29"
"Kristina Cameron","False","22/11/1976","Kristina46434","fa4","fBNJU85"
"Matthew Acosta","True","21/12/2001","Matthew10076","fa2","qOolq44"
"Jennifer White","False","26/11/1957","Jennifer18776","fa1","gVXoQ54"
"Adam Durham","False","15/3/1977","Adam40864","fa4","WPvMC15"
"Jenna Gibson","True","9/8/1962","Jenna34188","fa4","qVELB93"
"Mason Tyler","False","4/4/1979","Mason34471","fa2","pQmUL92"
"Ashlee Butler","True","2/5/1948","Ashlee14541","fa1","GnvOh77"
"Jeremy Jacobson","False","29/9/1954","Jeremy25690","fa4","unGHu20"
"Jennifer Edwards","False","15/5/1940","Jennifer45689","fa4","EKttI79"
"Juan Craig","False","10/6/1962","Juan25331","fa1","OGJhb10"
"Susan Shepard","True","19/2/1996","Susan20654","fa4","OGvgM91"
"Michael Lucas","True","26/6/2001","Michael32826","fa1","dRIAN23"
"Sara Frazier","True","30/5/1957","Sara23967","fa1","iByBC52"
"Chad Moore","False","12/9/1974","Chad10109","fa2","NwSak58"
"Lisa Mccarty","True","17/12/1996","Lisa24687","fa4","hHTUJ64"
"Robert Strickland","True","15/11/1999","Robert7848","fa3","ewUkI99"
"Sarah Carr","False","21/2/1967","Sarah13696","fa1","PHeEC39"
"Joseph Gray","True","10/9/1958","Joseph13414","fa2","WWzSJ73"
"Stacy Watson","False","3/2/1983","Stacy4398","fa2","JnxSy58"
"Donald Campbell","False","10/5/1955","Donald38857","fa3","HXYdq77"
"Lori Schmitt","False","10/7/1985","Lori49332","fa3","QuydG69"
"Bruce Meyer","True","3/2/2001","Bruce10014","fa1","DpyxD16"
"Sheila Ward","False","25/3/1971","Sheila34885","fa1","uDXkR28"
"James Sandoval","False","29/12/1995","James8927","fa2","IXDMV78"
"April Scott","True","15/6/2001","April35206","fa2","BeRlt26"
"James Webb","False","30/9/1957","James30416","fa2","VhsfI61"
"Angela Hester","True","22/7/1974","Angela20957","fa4","HEXpZ26"
"Timothy Woods","False","2/3/1979","Timothy44808","fa4","pKeNW28"
"Melanie Smith","False","4/7/1956","Melanie18711","fa4","aRTbF31"
"Jason Bush","True","20/1/2001","Jason284","fa1","MGaPN30"
"Vanessa Wilcox","False","20/12/1997","Vanessa22203","fa4","zHcci72"
"Gregory Marsh","True","8/6/1945","Gregory19778","fa1","ufkSM27"
"Jamie Johnson","False","16/3/1987","Jamie37506","fa3","Tosoq50"
"Kevin Morris","True","30/2/1945","Kevin10063","fa2","BFXku38"
"Erika Carroll","True","26/1/1988","Erika47552","fa3","stvXY31"
"Steven Henson","False","4/10/1961","Steven11423","fa3","JHZNR38"
"Annette Griffin","False","22/2/1994","Annette34660","fa4","fwSOM77"
"Scott Ross","False","13/5/1957","Scott9843","fa2","XGrej62"
"Mary Fox","False","6/4/1985","Mary44559","fa4","hYyvo13"
"Austin Kemp","False","15/6/1964","Austin46195","fa3","FyZHB38"
"Katrina Sanford","True","27/5/1963","Katrina29457","fa4","aFdmO31"
"Juan Walker","True","5/10/1972","Juan8829","fa3","nKkfh93"
"Brianna Rasmussen","True","16/11/1982","Brianna34299","fa2","uaJUB68"
"Jason Bennett","True","19/12/1983","Jason48229","fa2","bgfxX21"
"Kayla Bauer","True","21/10/1956","Kayla8058","fa3","FZByS92"
"Adam Brown","True","20/9/1994","Adam47042","fa3","dsFKS48"
"Patricia Stewart","True","4/11/1990","Patricia24534","fa3","fdWIO36"
"Daniel Simmons","False","10/4/2000","Daniel32592","fa1","RveqV87"
"Monica French","False","13/9/1982","Monica20510","fa2","RXEjC16"
"Tony Cordova","True","21/11/1958","Tony22048","fa1","gSZml01"
"Tina Mata","True","28/7/1942","Tina4237","fa2","AVNfw39"
"Bradley Sharp","False","12/1/1997","Bradley30298","fa3","lJFyS76"
"Jacqueline Mccann","True","11/11/1955","Jacqueline20395","fa3","PdQBH08"
"Brian Barry","False","7/6/1953","Brian15772","fa4","drQKX42"
"Amanda Martinez","False","13/8/1940","Amanda20599","fa4","UbbWi00"
"Andre Wright","False","15/4/1949","Andre39876","fa4","BQrpX01"
"Nicole Mosley","False","1/10/1971","Nicole8560","fa1","lVsXh33"
"William Perry","False","9/8/1943","William9544","fa4","YmfoG88"
"Michelle Smith","False","2/9/1979","Michelle26433","fa2","LfkbO94"
"Christopher Jimenez","True","5/8/1965","Christopher46950","fa2","gtnhw10"
"Jessica Hardy","True","1/9/1953","Jessica24570","fa3","RQIYZ65"
"Joshua Dougherty","True","8/8/1963","Joshua34684","fa2","mhFpY70"
"Laura Harris","True","18/8/1953","Laura20457","fa1","JubkK51"
"James Moreno","False","25/2/1954","James39495","fa3","KvRpL05"
"Melody Sanchez","True","17/3/1983","Melody38266","fa2","JAAgW43"
"George Edwards","True","5/10/1985","George15403","fa3","oJipY74"
"Sherry Murray","False","16/4/1969","Sherry49377","fa2","ruKCc05"
"Larry Baker","False","2/7/1990","Larry20292","fa4","nsWku50"
"Erica Oneal","True","29/5/1982","Erica48812","fa4","fMFWm19"
"Evan Burns","True","5/10/1942","Evan6049","fa1","rpElm73"
"Jennifer Watson","False","10/5/1944","Jennifer1347","fa2","rJzDj81"
"Joshua Estrada","False","23/11/1968","Joshua49424","fa4","rHsSS52"
"Kelly Smith","True","1/7/1996","Kelly43458","fa2","qWEcQ68"
"Victor Smith","True","29/6/1955","Victor7989","fa1","SlICU37"
"Carolyn Tran","True","30/6/1999","Carolyn30468","fa4","OqsKE34"
"Steven Knight","False","21/7/2000","Steven32879","fa4","YntwG70"
"Brenda Chavez","False","7/3/1995","Brenda40821","fa1","CUoCU23"
"Jorge King","True","12/11/1989","Jorge28420","fa4","yJvdV77"
"Alexis Powers","True","28/7/1953","Alexis36191","fa4","vfbJf11"
"Nicholas Gomez","False","11/12/1989","Nicholas44872","fa2","QToqQ96"
"Michelle Davis","False","3/7/1960","Michelle46919","fa3","zplAB22"
"Alec Durham","False","23/4/1944","Alec18371","fa1","TobEq24"
"Teresa Mejia","True","15/6/1946","Teresa1255","fa4","gCZBu28"
"Shawn Johnson","True","2/5/1949","Shawn28404","fa3","kOkFx32"
"Dawn Hughes","True","2/11/1964","Dawn7676","fa4","kLCDC86"
"John Nelson","False","21/1/1984","John14390","fa4","eIYwe86"
"Alicia Randolph","True","22/11/1973","Alicia8599","fa1","YsiMA54"
"Derek Combs","True","14/10/1978","Derek17293","fa2","oucgt27"
"Michelle Hamilton","False","7/2/1971","Michelle23809","fa4","bcBbs90"
"Anthony Schultz","True","15/10/1995","Anthony44349","fa1","yYgGc78"
"Michelle Smith","False","26/12/1942","Michelle2254","fa2","MMsFD36"
"Jonathan Wright","True","25/10/1960","Jonathan1245","fa2","fmLAr74"
"Lindsay Hall","False","17/4/1966","Lindsay3186","fa4","dWCkr47"
"Edgar Ross","True","27/11/1970","Edgar37865","fa1","YSzOJ91"
"Amy Morgan","True","13/8/2000","Amy17415","fa4","bUrrB28"
"Bruce Lewis","False","15/6/1943","Bruce26092","fa1","uLLPc56"
"Stephanie Haas","True","17/2/1974","Stephanie2866","fa3","nRbOu16"
"Clinton Welch","True","4/12/1980","Clinton35576","fa3","tbuUe95"
"Ashley Nelson","False","21/8/1994","Ashley13265","fa3","SNduN08"
"Cory Calderon","True","30/1/1977","Cory8462","fa1","VKSVs90"
"Tina Sanchez","True","7/8/1979","Tina1185","fa2","QneKw51"
"Jack Pham","True","3/4/1971","Jack14009","fa3","votLl62"
"Deborah Cohen","True","5/10/1977","Deborah5738","fa1","WOmnM84"
"Joel Hinton","False","11/2/1961","Joel5196","fa3","uVBZb58"
"Michelle Martin","False","24/10/1977","Michelle19527","fa3","yRHUn01"
"Eric Greene","True","17/9/1982","Eric19539","fa4","IhNft79"
"Kristin Turner","True","26/9/1946","Kristin15128","fa3","HCLMn87"
"Albert Lee","True","21/5/1951","Albert3974","fa3","ZbkHk84"
"Jessica Miller","True","9/2/1961","Jessica9698","fa1","mmuUn56"
"Brian Melton","True","14/6/1963","Brian44132","fa3","emkaS90"
"Lauren Thomas","False","15/3/1966","Lauren11694","fa2","lXLtE77"
"Michael Hayes","False","16/5/1940","Michael18670","fa3","ztLab45"
"Audrey Sanchez","False","16/3/1965","Audrey40606","fa1","DEGme34"
"Richard Barber","True","22/9/1954","Richard13819","fa4","XWMeG65"
"Michelle Mccoy","True","19/9/1952","Michelle23955","fa2","CEJQn34"
"Anthony Cook","True","15/9/1960","Anthony15072","fa3","QQzCL99"
"Erin Russell","True","9/2/1943","Erin37040","fa4","lobIf02"
"George Allen","False","6/3/1992","George26954","fa3","omlPM54"
"Sonia Hicks","True","23/2/1966","Sonia47422","fa3","PhYkS96"
"Justin Mccarthy","True","14/3/1991","Justin1549","fa2","SfGMn77"
"Ashley Holmes","True","1/1/1991","Ashley42022","fa4","KitBn82"
"James Wallace","False","30/12/1985","James17662","fa1","gojBS14"
"Jennifer Calderon","False","7/12/1941","Jennifer3032","fa1","LnlRR11"
"Eric Dixon","False","25/1/1970","Eric7471","fa1","TOVug05"
"Sarah Rios","False","27/6/1983","Sarah749","fa2","zINmO56"
"Adam Jackson","True","26/7/2000","Adam39135","fa4","ggsNn86"
"Katherine Edwards","True","15/9/1974","Katherine45536","fa3","BLooi54"
"Anthony Espinoza","False","18/8/1943","Anthony7943","fa2","BwcBH37"
"Vanessa Anderson","False","27/4/1978","Vanessa13470","fa1","LRiHj01"
"Michael Nunez","False","24/9/1980","Michael21018","fa1","XzFWY09"
"Karen Robbins","True","20/3/1973","Karen35939","fa4","FBXkL73"
"William Williams","False","22/5/1997","William9441","fa3","SiZAi05"
"Danielle Smith","True","28/4/1970","Danielle43039","fa3","HVNzM53"
"Raymond Calderon","True","15/9/1944","Raymond27978","fa2","hhmsM61"
"Erica Peterson","False","7/4/1945","Erica15299","fa3","oHCfa12"
"Nicholas Perry","True","7/9/1948","Nicholas45790","fa3","ueTOG21"
"Meghan Luna","True","29/5/1973","Meghan27986","fa4","CcWkG22"
"Colin Harrison","False","27/3/1990","Colin39318","fa1","FpmSp58"
"Kathleen Davis","True","25/10/1997","Kathleen32772","fa1","EfTlL67"
"Steven Hayden","False","21/10/2001","Steven31996","fa4","wznyB29"
"Catherine Ward","False","19/4/1955","Catherine31551","fa3","EzfoP85"
"Richard Matthews","True","30/7/1951","Richard12057","fa4","vIHqA21"
"Jocelyn Beck","True","8/9/1947","Jocelyn42412","fa4","Uduxd64"
"Ethan Davis","False","7/3/1964","Ethan21462","fa4","VgGFY09"
"Ashley Brewer","False","28/4/1989","Ashley22354","fa2","TZWPa93"
"Willie Shah","True","30/7/1988","Willie18839","fa3","XtuQX98"
"Marissa Wright","True","3/2/1951","Marissa47153","fa3","HZDiE35"
"Tyler Martin","False","4/6/1977","Tyler47957","fa3","Octvn16"
"Caitlin Anderson","False","4/7/1974","Caitlin42247","fa2","UYJlY69"
"Daniel Johnson","False","28/4/1986","Daniel21808","fa3","BXSqM19"
"Erin Warren","False","27/10/1985","Erin43681","fa1","pAUzn30"
"Jason Bruce","True","30/11/1999","Jason16690","fa4","rdoqK04"
"Elizabeth Sullivan","True","5/5/1978","Elizabeth38632","fa1","WtRyU44"
"Reginald Henderson","True","9/8/1940","Reginald23891","fa2","WZIpU94"
"Gloria Rogers","False","14/8/1961","Gloria35194","fa3","BNpYg44"
"Jeffrey Freeman","False","25/12/1974","Jeffrey44865","fa3","BRUbl18"
"Rachel Flores","False","28/2/1944","Rachel25018","fa1","anImr93"
"Carl Golden","True","6/6/1997","Carl3616","fa4","laqNz92"
"Laura Davis","False","24/12/1983","Laura38427","fa3","mQYzA03"
"Travis Randall","False","25/8/1945","Travis40350","fa3","XEDXR93"
"Allison Lopez","False","14/10/1984","Allison15722","fa1","WxlpU44"
"Frank Bailey","True","16/3/1983","Frank47972","fa3","GZmua74"
"Melissa Dawson","True","11/8/1972","Melissa17476","fa2","JHAsw63"
"Bryan Khan","True","20/7/1967","Bryan25039","fa2","FiRUW61"
"Melissa Wallace","True","29/11/1963","Melissa252","fa1","BnNKy25"
"Shawn Love","False","28/2/1951","Shawn21118","fa3","BLFao12"
"Gina Hines","False","14/7/1994","Gina8371","fa3","AXZTv32"
"Daniel Hawkins","True","21/2/1966","Daniel35928","fa4","UTVxq10"
"Natalie Mckee","True","11/2/1983","Natalie10133","fa3","AiLvu66"
"Paul Perry","False","7/5/1964","Paul23405","fa1","GwDuz55"
"Stephanie Moore","False","16/4/1987","Stephanie19133","fa1","ZcaMp14"
"Patrick Anderson","False","27/9/1962","Patrick8101","fa1","xAuBr20"
"Casey Gibson","False","29/1/1966","Casey46681","fa4","YnTSk26"
"Brian Lee","True","25/8/1953","Brian12739","fa1","bNBgC79"
"Rachel Gonzalez","True","20/7/1963","Rachel4129","fa2","LRbgQ01"
"Victor Johnson","True","16/1/1981","Victor7133","fa2","PgqEB69"
"Bonnie Wilson","False","27/4/1983","Bonnie4814","fa3","ZZwKv40"
"Daniel Richmond","False","16/7/1997","Daniel14690","fa2","iWllz95"
"Angela Phillips","True","21/5/1951","Angela32872","fa3","kgUid33"
"Vincent Anderson","False","27/8/1977","Vincent13696","fa2","EqgpA17"
"Michelle Boyd","False","13/2/1987","Michelle6239","fa2","TSdLs77"
"Ryan Stewart","True","3/11/1955","Ryan31230","fa4","mIGXT91"
"Annette Mcneil","True","3/9/1991","Annette45109","fa3","zHomg01"
"Jorge Hanson","True","12/8/1944","Jorge24069","fa3","lskYl15"
"Sarah Hurley","False","18/10/1973","Sarah118","fa1","gDezY41"
"William Hoffman","False","13/12/1950","William22743","fa3","DWBWm79"
"Sharon Shields","False","19/6/1982","Sharon17178","fa1","qovkr54"
"David Ballard","True","1/3/1962","David42900","fa1","ClZKH53"
"Rachel Hall","True","24/4/1971","Rachel10541","fa3","njXOV97"
"John Munoz","True","22/11/1957","John9201","fa2","yNAHv15"
"Samantha Hudson","True","25/5/1956","Samantha34308","fa2","cVKvx08"
"John Hernandez","True","26/2/2001","John16920","fa1","nLIyH96"
"Christine Myers","False","24/9/1999","Christine38134","fa2","zYLId02"
"Dennis Parsons","False","19/2/1993","Dennis976","fa2","MpuCM76"
"Hannah Clayton","True","18/7/1977","Hannah40553","fa2","EUtrQ64"
"Jimmy Parker","True","2/11/1955","Jimmy39199","fa1","jasTH23"
"Amy Cox","True","24/3/1988","Amy30681","fa3","GPJyI20"
"Charles Owens","True","17/4/1988","Charles45885","fa3","nfQrS78"
"Stacy Sanchez","True","8/6/1943","Stacy26639","fa1","YqNyX93"
"Cole Gallagher","True","17/9/1962","Cole10028","fa1","ivahT37"
"Katrina Ramirez","True","6/5/1990","Katrina32292","fa2","TcnNT06"
"Joshua Rodriguez","False","3/10/1996","Joshua25887","fa2","SfpKY23"
"Dana Odom","True","4/3/1996","Dana33035","fa1","Nyznz47"
"Roger Thompson","True","19/1/1989","Roger38507","fa1","MrjUs29"
"Jessica Curtis","False","3/8/1990","Jessica5201","fa2","jfOYo62"
"Robert Erickson","False","8/2/1973","Robert35263","fa2","CbFJg67"
"Megan Smith","False","16/1/1949","Megan12395","fa1","BzVxV37"
"Angel Wheeler","True","1/7/1951","Angel5745","fa4","sFRPI92"
"Michelle Williams","False","13/4/1956","Michelle7813","fa1","QSTpm87"
"Edward Estes","False","22/9/1982","Edward1891","fa3","mAcKV04"
"Patricia Cline","True","9/2/1961","Patricia1880","fa1","EJQXS00"
"Chad Mckee","True","2/4/1942","Chad17219","fa4","EkVKp50"
"Julie Rivera","False","23/11/1990","Julie24339","fa3","eBxVs10"
"Eric Hall","False","4/7/1967","Eric32445","fa4","mIabN46"
"Susan Nunez","True","27/9/1942","Susan26510","fa2","rJhPM07"
"Wayne Sanchez","True","7/6/1963","Wayne30741","fa1","hkuvZ76"
"Emily Liu","False","3/1/1974","Emily43870","fa4","kFaUp18"
"Eric Willis","True","17/7/1951","Eric31860","fa3","FSPuR96"
"Michelle Patel","True","11/12/1952","Michelle936","fa4","JvIRC34"
"Carl Lynch","False","15/9/1941","Carl42360","fa2","PIrsz06"
"Michelle Noble","False","23/9/1961","Michelle29624","fa2","AVlPU65"
"Brandon Thomas","True","12/7/1971","Brandon17389","fa4","JVERu38"
"Audrey Robinson","True","27/10/1950","Audrey6545","fa4","KGygT52"
"Matthew Ramirez","True","20/12/1994","Matthew38093","fa2","ppDOl07"
"Samantha Mitchell","False","8/11/1946","Samantha47341","fa3","wkjTc49"
"Daniel Lee","True","22/12/1943","Daniel16953","fa1","eBjtm03"
"Tammy Cabrera","True","8/9/1945","Tammy49724","fa3","TaDMX40"
"Michael Boyd","True","22/5/1957","Michael14028","fa4","TQGXE26"
"Christine Stanton","True","22/5/1962","Christine4611","fa4","ELrNC89"
"Daniel Randall","True","28/1/1970","Daniel47904","fa2","zfGgc68"
"Vanessa Harmon","False","13/3/1959","Vanessa7972","fa2","kAdwM25"
"Christopher Lewis","True","6/5/1950","Christopher8011","fa1","LoDRG61"
"Karla Wells","False","5/5/1986","Karla10048","fa3","xlUOv53"
"Harold Brown","False","1/5/1982","Harold19976","fa1","BwANX22"
"Julie Reynolds","False","1/12/1988","Julie31064","fa4","Vhebn82"
"Justin Watts","True","28/12/1973","Justin2537","fa3","GYCxQ71"
"Heather Grant","False","26/3/1968","Heather28703","fa2","hJHrX40"
"Jeffrey Moyer","False","12/10/1988","Jeffrey12075","fa2","nFGiZ32"
"Angela Fernandez","True","8/9/1990","Angela25832","fa3","dUwgZ85"
"Robert Lopez","True","24/8/1966","Robert30281","fa4","iunOx29"
"Cassandra Morgan","False","10/5/1975","Cassandra45835","fa3","xoDqN14"
"Daniel Murphy","False","21/6/1993","Daniel43499","fa2","CWthu58"
"Alicia Patterson","True","2/1/1976","Alicia13515","fa3","qrssU58"
"Robert Davila","True","23/7/1945","Robert18531","fa2","zqMQM43"
"Madeline Moore","True","19/1/1959","Madeline44664","fa3","UeGMZ09"
"Steve Smith","True","6/1/1994","Steve13548","fa2","PEKpJ48"
"Amy Weber","False","15/5/1969","Amy12404","fa2","lRZlo91"
"Patrick Bryan","True","4/1/1973","Patrick49554","fa2","dVjxT92"
"Jennifer Adams","False","21/1/2001","Jennifer29444","fa4","TWAfg17"
"Tyler Jimenez","True","26/4/1995","Tyler23282","fa3","dXmLR66"
"Kathleen Duke","False","21/7/1993","Kathleen48699","fa1","ZayQh53"
"Alexander Johnson","False","20/10/1947","Alexander29492","fa1","sDKqX74"
"Laurie Wright","True","8/8/1944","Laurie31178","fa4","bgrgG62"
"Trevor Bray","True","3/7/1955","Trevor17749","fa2","uAXDG27"
"Mary Barker","False","21/1/1988","Mary30095","fa3","EPfgS94"
"Donald Harris","False","30/12/1956","Donald42182","fa4","njbbN57"
"Donna Washington","False","30/3/1943","Donna28914","fa2","RoAYF06"
"Jamie Meadows","False","9/5/1997","Jamie12278","fa3","KGlmS45"
"Tiffany Hernandez","False","10/12/1982","Tiffany46228","fa1","KVkeP72"
"John Navarro","False","25/9/1994","John5281","fa3","nUQoV55"
"Brooke Bradley","False","27/5/1970","Brooke31513","fa1","RDvIn83"
"Trevor Leonard","False","27/6/1952","Trevor37858","fa2","yNlwm62"
"Marie Mitchell","False","25/6/1997","Marie24195","fa2","ltqvc94"
"Steven Farley","False","11/11/1943","Steven9099","fa3","avLsW39"
"Debra Horn","False","20/1/1971","Debra32681","fa3","TLtzg37"
"William Patterson","False","15/4/1986","William40352","fa4","mXSKX95"
"Ashley Jones","True","17/12/1994","Ashley43448","fa3","qQJyS00"
"Gilbert Fernandez","False","18/10/1966","Gilbert26408","fa3","fSRfI07"
"Holly Hall","False","4/12/1947","Holly29200","fa3","bCTfV89"
"David Suarez","True","29/6/1940","David7835","fa4","mbNmB07"
"Ruth Sutton","False","14/5/1977","Ruth21575","fa4","LIUqO20"
"Kevin Knight","True","15/8/1972","Kevin18899","fa4","WuRuE01"
"Sandra Wallace","False","28/4/1999","Sandra21541","fa4","IvvXX72"
"Jesse Huang","False","19/4/1965","Jesse1218","fa3","ocoGM17"
"Regina Smith","False","20/1/1995","Regina7219","fa1","ZjiBN27"
"Jose Brown","True","27/6/1965","Jose35497","fa1","laFqA52"
"Crystal Hammond","False","17/7/1967","Crystal32072","fa4","BZGmU39"
"Michael Mclean","False","20/8/1975","Michael1658","fa2","MPQPL72"
"Donna Martinez","True","20/5/1988","Donna27824","fa1","raBfT21"
"Samuel Ibarra","True","7/3/1946","Samuel29176","fa3","MLQEG50"
"Melissa Diaz","False","21/3/1995","Melissa9909","fa1","QkHfR25"
"Paul Gonzalez","False","18/4/1973","Paul21763","fa4","ToGZi69"
"Crystal Gentry","True","14/2/1986","Crystal11853","fa3","hrJbM58"
"James Glass","False","5/8/1953","James23362","fa3","prIcB24"
"Patricia Lawson","False","11/3/1988","Patricia7686","fa1","swwKQ48"
"Joel Joyce","False","19/3/1959","Joel36718","fa1","tUlvY56"
"Patricia Rojas","True","18/2/1980","Patricia37451","fa4","iURNo16"
"Hunter Horne","True","16/12/1999","Hunter39054","fa2","FbsED65"
"Alicia Graves","False","3/6/1963","Alicia10033","fa4","BbnOZ13"
"Logan Welch","False","2/4/1975","Logan24403","fa3","exuzK16"
"Stephanie Salinas","False","4/8/2000","Stephanie18887","fa3","qzxvE34"
"John Doyle","False","7/9/1978","John39152","fa2","LBqRW56"
"Stephanie Hudson","False","30/2/1980","Stephanie3239","fa3","vSgBd26"
"Shane Cole","False","2/12/1978","Shane29566","fa2","ihWdA63"
"Megan Williams","True","1/5/1978","Megan19685","fa3","QfUtZ69"
"Jeffrey Haas","True","22/10/1941","Jeffrey30009","fa2","FxNrl55"
"Veronica Cox","True","14/1/1948","Veronica3833","fa2","sZlKi65"
"Jason Mendez","False","11/3/1992","Jason47404","fa1","KyuWt65"
"Dominique Riley","True","1/10/1978","Dominique32446","fa4","pCWGd99"
"Theodore Jenkins","True","30/5/1966","Theodore22529","fa1","DaDSV66"
"Tracy Gomez","True","21/2/1995","Tracy45584","fa1","cElpu77"
"Shawn Salazar","True","23/8/1968","Shawn17517","fa3","qSrLN70"
"Erin Miller","True","21/5/1971","Erin36654","fa1","HhVSK47"
"Michael Harris","False","12/3/1979","Michael23510","fa1","JrLnp15"
"Linda Watson","False","30/4/2001","Linda17816","fa2","JLGFT05"
"Todd Williams","True","14/4/1994","Todd14876","fa1","SAUZy42"
"Michelle Moore","True","11/1/1972","Michelle45452","fa3","aByTK96"
"Jonathan Klein","False","24/4/1987","Jonathan11937","fa3","MBEQY75"
"Gabriella Houston","True","18/10/1966","Gabriella13700","fa1","jlvPd10"
"Tyler Palmer","True","28/12/1980","Tyler29144","fa3","wPJRU73"
"Mary Murphy","False","5/10/1948","Mary17394","fa2","NjWbI94"
"Todd Murillo","False","26/8/1963","Todd8548","fa1","dqlhz13"
"Kimberly Gamble","False","3/8/1949","Kimberly47225","fa3","tVHZM33"
"Nathaniel Martin","False","3/5/1985","Nathaniel49435","fa2","aLfdf88"
"Dana Wright","False","1/6/1986","Dana17222","fa4","Bifts25"
"Evan Garcia","False","2/1/1943","Evan11091","fa1","MqKJN11"
"Jasmine Gibson","True","2/3/1989","Jasmine13678","fa4","rSOqH31"
"Paul Williams","True","28/11/1972","Paul734","fa1","wrZbl71"
"Andrea Floyd","False","21/3/1994","Andrea30346","fa3","ojSgG52"
"Taylor Stokes","True","20/6/2000","Taylor8164","fa3","KlWXU62"
"Sarah Sanchez","True","25/1/1962","Sarah13372","fa2","cSlrr28"
"Bobby Ramirez","True","10/4/1998","Bobby21622","fa3","wLfOd31"
"Leah Terry","True","25/2/1967","Leah23903","fa1","CYmGx97"
"Steven Patel","False","13/1/1990","Steven18264","fa2","bKFBL87"
"Holly Howard","True","15/7/1964","Holly29012","fa4","oobOF72"
"Gabriel Lucas","True","1/6/1963","Gabriel7482","fa2","zazKh12"
"Brandi Contreras","True","28/2/1989","Brandi19684","fa1","ILAXo56"
"Matthew Mack","True","2/6/1987","Matthew29960","fa4","PnTpd42"
"Kimberly Stevens","True","15/3/1960","Kimberly1574","fa2","HabnV27"
"Timothy Rodriguez","False","12/2/1968","Timothy42138","fa1","urJAF02"
"Danielle Daniel","True","28/3/1943","Danielle32088","fa2","VEfhK64"
"Eric Snyder","True","30/3/1948","Eric14517","fa1","RxDkw54"
"Erica Ellison","False","2/10/1977","Erica46558","fa1","dIhAO68"
"Garrett Lucas","True","9/11/1945","Garrett19784","fa1","SJYhe49"
"Ashley Cox","False","8/12/1973","Ashley10839","fa2","LOwKN35"
"Louis Rojas","False","30/10/1955","Louis37746","fa2","TxcjA37"
"Casey Lutz","True","16/12/1997","Casey37168","fa2","CUNlX95"
"Vincent Hanna","True","15/6/1970","Vincent4951","fa2","QOdzR25"
"Elizabeth Dalton","False","3/7/1981","Elizabeth18355","fa4","oVhyv83"
"Martin Simmons","False","24/3/1945","Martin12337","fa4","fdgrT22"
"Linda Chambers","False","9/11/1995","Linda45326","fa3","EPaOF62"
"Travis Daniels","True","6/4/1986","Travis41971","fa4","OirmZ21"
"Diane Kelley","True","11/9/1943","Diane47872","fa1","ceiAF52"
"Damon Harris","False","4/12/1948","Damon46363","fa4","RwUir04"
"Courtney Aguilar","True","28/6/1990","Courtney20475","fa3","UkqmF96"
"Chad Garner","True","1/7/1942","Chad45068","fa3","Tebjl27"
"Barbara Collins","False","9/11/1997","Barbara28848","fa4","vFmkr38"
"Philip Hanson","True","14/12/1944","Philip35360","fa2","JivIM47"
"Vickie Wells","True","3/4/1994","Vickie1759","fa2","tmemO28"
"Kent Rodriguez","False","25/5/1985","Kent21330","fa4","GCKEn08"
"Laurie Martin","False","8/1/2001","Laurie43707","fa3","KBNnr23"
"James Hall","False","2/10/1947","James44146","fa1","mOJug84"
"Rachel Turner","False","1/1/1966","Rachel35392","fa1","Pbmmq29"
"Wayne Howard","True","24/1/1986","Wayne32235","fa1","XjNrc47"
"Sara Olson","False","17/3/1982","Sara7561","fa2","gUIwJ57"
"Gary Baker","True","10/6/1989","Gary30120","fa4","Zveyr17"
"Whitney Alvarez","False","23/8/1975","Whitney16214","fa3","aLpDB16"
"Jason Rogers","False","17/1/1948","Jason36214","fa4","PjrGJ85"
"Valerie Robertson","True","6/12/1961","Valerie33222","fa3","cdCVm17"
"James Mitchell","True","10/1/1942","James11330","fa4","Rqhnd74"
"Kathryn Friedman","False","18/6/1991","Kathryn8212","fa2","KsudD56"
"Todd Martin","True","4/3/1973","Todd7908","fa4","VGoDO02"
"Barbara Jackson","False","19/2/1997","Barbara8911","fa3","zNnNm96"
"Alexander Scott","False","20/5/1979","Alexander1326","fa3","hlHlf20"
"Rebecca Johnson","True","10/8/1951","Rebecca35969","fa1","kclXP94"
"Lawrence Rodriguez","False","28/11/1974","Lawrence35222","fa3","oTvKO08"
"Jessica Browning","False","6/8/1996","Jessica20155","fa1","PTOeM11"
"Paul Jones","True","9/12/1962","Paul37627","fa4","XlyZC55"
"Anna Wood","False","2/2/1947","Anna45249","fa1","aGkpb34"
"Frank Bishop","False","9/7/1945","Frank38983","fa1","SFBsw84"
"Andrea Ray","True","13/9/1946","Andrea13732","fa4","ysliH48"
"Troy James","False","27/2/1971","Troy25618","fa3","BELpk77"
"Mary Bond","True","1/5/1981","Mary27309","fa2","ekDiz25"
"Corey Hahn","True","25/8/1956","Corey29031","fa3","ngOHw46"
"Julia Parks","False","11/3/1968","Julia49536","fa2","PqWCV08"
"Joseph Myers","False","7/9/1941","Joseph6288","fa1","NnzgC40"
"Margaret Rivera","False","25/10/1975","Margaret39937","fa3","GYggj03"
"Richard Long","True","13/3/1944","Richard1609","fa3","KlogG55"
"Alexis Johnson","True","10/3/1948","Alexis31522","fa3","jGWle55"
"Jose Mitchell","False","24/10/1989","Jose49219","fa4","MghJa77"
"Chelsea Cannon","True","8/6/1942","Chelsea30820","fa4","FoxHj81"
"Jacob Barron","True","22/1/1962","Jacob18612","fa4","HsihB57"
"Samantha Walters","True","30/3/1994","Samantha5808","fa2","URfdB85"
"Andrew Espinoza","False","8/6/1971","Andrew38251","fa4","nUITR56"
"Erica Montoya","False","25/11/1962","Erica8118","fa4","HVlrG18"
"Ryan Cardenas","True","11/10/1963","Ryan14643","fa2","xoJLV79"
"Haley Bailey","True","18/9/1972","Haley36129","fa1","mUtSa46"
"Joshua Parker","False","10/6/1974","Joshua11612","fa2","BKBfX18"
"Tara Castillo","False","22/9/1949","Tara44898","fa2","wuzzz45"
"Robert Carpenter","True","10/10/1980","Robert40978","fa2","LUatI26"
"Candice Hayes","True","11/3/1978","Candice33061","fa3","DrJUd02"
"Gilbert King","False","17/8/1997","Gilbert34540","fa3","xQFbd53"
"Megan Williams","False","1/9/1964","Megan30071","fa1","CwZHf89"
"Matthew Wise","True","20/1/1999","Matthew26330","fa4","mwOsd06"
"Tiffany Rodriguez","False","4/9/1962","Tiffany20086","fa3","huIbz93"
"Anthony Lee","False","22/8/1973","Anthony10606","fa3","gFcmo19"
"Stephanie Wright","True","10/8/1985","Stephanie38161","fa3","ZzWKx33"
"Timothy Gray","True","14/7/1992","Timothy8304","fa1","cobhf44"
"Erica Smith","True","30/5/1989","Erica36978","fa3","mLnWg70"
"Oscar Miller","True","15/10/1989","Oscar18617","fa4","ZzLvY20"
"Crystal Stone","False","15/1/1978","Crystal4598","fa3","zzZMF78"
"Daniel Villa","False","12/10/1976","Daniel44890","fa4","gmRuM54"
"Chelsea Schneider","True","23/11/1943","Chelsea49821","fa1","wbece48"
"John Anderson","False","10/11/1965","John12489","fa3","zrMla27"
"Julia Brown","False","21/4/1984","Julia49642","fa2","uIspz75"
"Robert Roberts","True","22/6/1968","Robert20289","fa1","Xelxj28"
"Brittany Watson","True","3/6/1946","Brittany18223","fa1","tVTBC89"
"Jose Torres","False","12/4/1987","Jose1860","fa2","rhFPz95"
"Jenny Henry","False","8/1/1981","Jenny28029","fa3","cAXAA19"
"Donald Hall","False","23/12/1962","Donald24077","fa1","lvcua78"
"Kimberly Ross","True","16/1/1968","Kimberly42540","fa1","KdrWW87"
"Frank Kelly","True","10/9/1962","Frank5333","fa3","hTpzc33"
"Catherine Garza","False","21/4/1963","Catherine24688","fa4","YrqCW45"
"Steven Robinson","True","27/8/1991","Steven34681","fa3","lfFqb52"
"Valerie Harris","True","9/5/1967","Valerie7791","fa4","QceJL50"
"Michael Sharp","True","27/10/2001","Michael21411","fa3","PqPST54"
"Dawn Valdez","True","29/9/1950","Dawn26396","fa4","nTJzA43"
"Joe Richards","False","1/1/1987","Joe46836","fa4","SAncb76"
"Amy Wood","False","26/8/1969","Amy4228","fa1","MnakH28"
"Bill Shelton","True","30/3/1974","Bill2098","fa1","cYMyf48"
"Danielle Hardy","False","29/5/1941","Danielle14631","fa3","wNNVP07"
"Oscar Thomas","True","7/1/1971","Oscar3582","fa4","yNIiX66"
"Ariana Macdonald","False","14/9/1971","Ariana34075","fa1","BCaRv72"
"Brian Parsons","True","17/3/1986","Brian40628","fa3","EyNwV45"
"Dawn Hopkins","True","18/1/1950","Dawn37099","fa1","taFXV20"
"Stephen Hendricks","True","27/5/1961","Stephen28789","fa1","OmzPk81"
"Lynn Morgan","True","29/1/1944","Lynn38197","fa4","svIoS25"
"Michael Cervantes","True","3/2/1953","Michael36312","fa1","UHMsa39"
"Meghan Baker","False","25/6/1973","Meghan21871","fa4","sNUVS28"
"Troy Young","False","28/1/1986","Troy20351","fa2","WpeBu60"
"Natasha Hinton","True","26/2/1961","Natasha43900","fa1","UXLDl00"
"Stephen Hunter","True","13/7/1976","Stephen15509","fa4","csIXe34"
"Emily Roberts","True","1/2/1976","Emily2806","fa1","AISNi44"
"Brandon Murphy","True","9/8/1947","Brandon5123","fa2","kJGXt75"
"Ann Gibson","True","17/6/1988","Ann9095","fa2","bnpCa09"
"Sean Wood","True","23/7/1998","Sean18019","fa2","zSnxY32"
"Amanda Adams","False","15/12/1960","Amanda36681","fa1","yPiAg41"
"Howard Middleton","False","2/2/1962","Howard17316","fa3","UejiC82"
"Gina Cohen","False","7/9/1955","Gina2421","fa2","LVonL93"
"Billy Hodges","False","29/11/2001","Billy46137","fa1","mnOCl13"
"Sandra Hughes","False","13/9/1974","Sandra21324","fa4","WrlLp07"
"Alexander Gonzalez","False","14/4/1961","Alexander390","fa2","NJfnO55"
"Katherine Pena","False","22/9/1962","Katherine9840","fa2","uXvDe06"
"Travis Brennan","True","22/12/1958","Travis14305","fa4","HjOTV67"
"Jennifer Reid","False","6/11/1999","Jennifer5094","fa3","YsUlg20"
"Tyrone Salazar","True","11/3/1965","Tyrone32101","fa4","ftuHI01"
"Natalie Mclean","True","13/10/1948","Natalie1616","fa4","LkUIR77"
"Melvin Harrison","True","13/12/1953","Melvin42634","fa4","NltRg62"
"Alicia Kim","False","23/9/1976","Alicia33456","fa2","VpRLh85"
"Jared Terry","False","29/9/1979","Jared21767","fa1","ymDlW35"
"Nicole Callahan","False","1/9/1992","Nicole14068","fa3","CCPGB14"
"Kyle Jackson","False","22/3/1957","Kyle46811","fa1","Doahg67"
"Tina Ortiz","True","21/3/1970","Tina46420","fa2","NwMQf15"
"Billy Jackson","False","2/2/1975","Billy4609","fa1","HJPbO74"
"Victoria Schneider","False","8/10/1967","Victoria11795","fa3","pEjgn00"
"Benjamin Cruz","True","13/3/1985","Benjamin22346","fa4","LRAla44"
"Lisa May","False","18/1/1986","Lisa40366","fa4","ZrnNb23"
"Matthew Chandler","False","11/7/1968","Matthew9585","fa4","FKdvs18"
"Katelyn Daniels","False","28/1/1946","Katelyn20073","fa4","qpgvO05"
"Anthony Barr","False","11/3/1956","Anthony49572","fa4","VuOrM58"
"Jennifer Williams","False","16/12/1971","Jennifer36490","fa1","FQPKc92"
"Michael Hicks","False","18/6/1973","Michael25246","fa2","tiWUq45"
"Emily Tanner","False","22/6/1968","Emily11525","fa4","GrJAW16"
"Martin Wright","True","27/7/1955","Martin33448","fa2","FEjOZ03"
"Amy Mcgee","True","10/6/1971","Amy17432","fa3","FKInc34"
"Jason Stevenson","True","25/10/1953","Jason44319","fa1","dmTuA42"
"Rebecca Ross","True","15/4/1989","Rebecca29823","fa2","RrSrz95"
"Brett Williams","True","23/10/1993","Brett25098","fa3","iCbsL47"
"Amy Petersen","True","5/12/1961","Amy32385","fa2","vovnr74"
"Samuel Reynolds","True","15/2/1995","Samuel48785","fa1","cwgPN18"
"Shannon Fisher","True","5/5/1964","Shannon47693","fa3","FbVaZ43"
"Gerald Taylor","True","12/5/1948","Gerald24660","fa4","SsKoA77"
"Beth May","False","17/2/1954","Beth45089","fa2","xrwPw27"
"Tony Smith","False","6/4/1970","Tony31893","fa2","LRAlB83"
"Tiffany Caldwell","False","7/6/1975","Tiffany14656","fa4","fJQsT29"
"David Nelson","False","11/2/1991","David42314","fa2","zFEEl98"
"Victoria Gonzalez","True","27/12/1973","Victoria28639","fa3","FaOio86"
"Zachary Huffman","True","15/8/1969","Zachary4447","fa4","DPZmk85"
"Lisa Brown","True","13/1/1956","Lisa4876","fa2","eBEYl08"
"Alex Thompson","True","24/8/1945","Alex48999","fa2","eiWMh32"
"Sabrina West","True","4/8/1949","Sabrina1619","fa1","sghDx71"
"George James","True","8/9/1974","George21677","fa2","FvDEs71"
"Patricia Ferguson","False","12/5/1997","Patricia44086","fa1","KTvce68"
"Arthur Frank","False","18/10/1953","Arthur26880","fa3","rlFCD20"
"Samantha Davenport","False","18/4/1977","Samantha38397","fa1","LlmBq29"
"Travis Reeves","True","8/8/1995","Travis26204","fa1","WwXMG08"
"Mary Cervantes","True","15/7/1985","Mary28001","fa3","bjmym17"
"James Sanders","False","21/11/1978","James47859","fa4","QVHLX39"
"Emily Scott","False","28/7/1972","Emily16794","fa1","RCzKO38"
"Scott Suarez","True","25/5/1985","Scott43897","fa3","qZxSq39"
"Angela Nguyen","False","12/1/1966","Angela45737","fa1","IGrSV47"
"David Price","True","20/4/1951","David23115","fa3","sLNFU98"
"Kathy Lopez","False","19/5/1954","Kathy15037","fa4","XOwDb18"
"Luke Allen","True","4/8/1965","Luke20998","fa1","EaFKC39"
"Suzanne Long","False","7/9/1952","Suzanne30440","fa4","BeFah82"
"Michael Estrada","True","6/10/1978","Michael27962","fa1","DrZnM94"
"Beverly Webb","True","11/12/1986","Beverly11339","fa4","pvdAH25"
"Jesse Tran","True","10/8/1944","Jesse30311","fa3","GTBxN52"
"Christina Ward","False","26/8/1992","Christina43814","fa1","ZrkID75"
"Donald Wood","True","29/5/1961","Donald8271","fa1","seVwb51"
"Mary Evans","True","16/5/1974","Mary27810","fa3","UkTFk97"
"Dustin Sanchez","False","2/9/2000","Dustin17509","fa4","jRMkL37"
"Tiffany Wallace","False","27/10/1990","Tiffany47226","fa2","noJnd35"
"James Galloway","False","28/2/1987","James4722","fa4","ZFekS08"
"Sydney Chung","True","18/8/1973","Sydney15388","fa1","PqDYn15"
"Christopher Davenport","True","8/7/1956","Christopher37774","fa2","qqRCH50"
"Megan Jones","False","24/5/1966","Megan10866","fa1","tLTgm65"
"David Carrillo","True","25/11/1989","David43016","fa3","teiFs19"
"Rhonda Macias","False","17/2/1985","Rhonda33266","fa1","kMUYe48"
"Randall Griffin","True","18/4/1965","Randall42258","fa4","zqHBA81"
"Amanda Mullen","True","5/9/1946","Amanda31743","fa4","MrJDM73"
"Jared Jones","True","8/2/1972","Jared33721","fa1","txcrE49"
"Jordan Wilson","True","13/4/1969","Jordan1673","fa2","nLPjH17"
"Adrian Johnson","False","20/11/1966","Adrian6028","fa2","lnHky49"
"Alexandra Mitchell","False","2/12/1941","Alexandra34638","fa4","kTMwS38"
"Paul Smith","True","10/3/1952","Paul24510","fa2","hxRFF07"
"Mary Jennings","True","12/9/1992","Mary48911","fa1","fvOdq92"
"Marcus White","True","1/9/1997","Marcus35693","fa4","cujGY05"
"Susan Leonard","False","19/8/1993","Susan3237","fa1","tujNE04"
"Luis Gill","False","12/4/1964","Luis12486","fa3","KUGVJ93"
"Elizabeth Jackson","False","23/6/1979","Elizabeth43770","fa4","dfThp23"
"Dennis Wilkins","False","17/2/1961","Dennis5035","fa1","mtDIt42"
"Mariah Blair","False","21/10/1990","Mariah22667","fa1","tbBWt52"
"Dale Shaw","False","25/12/1960","Dale22098","fa4","cDHZk79"
"Latasha Morgan","False","29/6/2001","Latasha12401","fa2","SeaQq84"
"Steven Gilbert","True","1/9/1981","Steven16715","fa4","XWbDO15"
"Elizabeth Rich","True","18/9/1972","Elizabeth43849","fa1","TJQAR23"
"Joseph Martinez","True","26/3/1975","Joseph9091","fa3","ZSmyp69"
"Andrea Stewart","False","9/2/1985","Andrea12841","fa2","FyUen19"
"Paul Duran","True","7/9/1960","Paul14460","fa2","IbcQY37"
"Lindsey Mckenzie","False","1/3/2000","Lindsey35572","fa4","JUgzj90"
"Jonathan Henderson","False","17/2/1997","Jonathan25213","fa2","RYdGi27"
"Sara Watson","True","13/12/2000","Sara39275","fa1","BEpVh41"
"Joshua Farley","True","9/9/1999","Joshua20532","fa2","yVLjA06"
"Hannah Orozco","True","5/12/1966","Hannah57","fa1","Bohft86"
"Brent Hall","False","24/1/1983","Brent27737","fa2","qljBH53"
"Kayla Mcintyre","False","28/3/1945","Kayla2602","fa4","NABHf04"
"Gary Kerr","False","25/4/1994","Gary10354","fa1","hQhuy56"
"Morgan Archer","False","30/3/1952","Morgan16898","fa1","Sllve97"
"Robert Sosa","False","25/8/1983","Robert7468","fa1","jvtmn52"
"Ashley Campbell","False","17/4/1952","Ashley11849","fa2","UhqxL83"
"Mike Parker","False","22/11/1951","Mike39204","fa4","OJxBR03"
"Erika Holt","True","22/7/1971","Erika33321","fa4","GMpCs72"
"Jeremy Rivera","True","18/8/1972","Jeremy226","fa3","JApsV57"
"Tammy Stokes","False","16/12/1984","Tammy37754","fa2","gFcTQ03"
"Michael Rubio","True","2/7/1963","Michael21937","fa4","KvOWT09"
"Ashley Jackson","True","6/5/1944","Ashley38924","fa3","kTAQW20"
"Matthew Larson","False","7/6/1980","Matthew21656","fa1","cmsXJ67"
"Sandra Johnson","False","5/10/1971","Sandra27618","fa2","nMZIW58"
"Andrew Nunez","True","2/12/1991","Andrew35647","fa3","VRRsy09"
"Alexis Pratt","True","18/10/1986","Alexis6483","fa4","mXjqQ21"
"Matthew David","False","9/10/1991","Matthew46912","fa2","OAGVm28"
"Adrienne Jackson","False","20/1/1941","Adrienne7265","fa2","dwlax41"
"James Allen","True","20/4/1983","James5406","fa1","uEzxk63"
"Heather Foster","False","28/1/1977","Heather49761","fa1","yEMJi58"
"Michael Gross","False","25/9/1972","Michael27798","fa4","JwJXF44"
"Danielle Ramos","False","10/9/1961","Danielle10133","fa3","NKAYR48"
"Michael Dunn","True","30/12/1941","Michael33686","fa2","QJUiV42"
"Amy Walker","True","27/1/1982","Amy25494","fa2","AOris68"
"James Ingram","False","28/9/1989","James4276","fa2","PgHPo66"
"Shannon Smith","False","6/7/1962","Shannon104","fa2","xshly07"
"Maurice Pratt","False","17/8/1994","Maurice47361","fa4","BhwRw33"
"Sheila Juarez","True","5/11/1986","Sheila1354","fa4","ECCYy80"
"Ray Williams","True","24/7/1992","Ray20725","fa1","dtTJv75"
"Sarah Li","False","29/4/1965","Sarah16649","fa4","KfHfz22"
"Richard Gould","False","26/12/1978","Richard17606","fa1","dckhJ74"
"Amy Reyes","True","17/2/1993","Amy23579","fa2","JLHzP46"
"Brian Butler","True","11/2/1962","Brian6794","fa4","oovBU50"
"Pamela Gonzales","True","21/9/1966","Pamela41264","fa4","xGjES18"
"Paul Garcia","True","7/5/1941","Paul25066","fa4","DnVjd45"
"Jennifer Dickson","False","9/11/1957","Jennifer30012","fa1","kzalR30"
"Devin Williams","False","5/11/1949","Devin40001","fa4","VHOJG04"
"Brian Butler","True","11/2/1962","Brian6794","fa4","oovBU50"
"Pamela Gonzales","True","21/9/1966","Pamela41264","fa4","xGjES18"
"Paul Garcia","True","7/5/1941","Paul25066","fa4","DnVjd45"
"Jennifer Dickson","False","9/11/1957","Jennifer30012","fa1","kzalR30"
"Devin Williams","False","5/11/1949","Devin40001","fa4","VHOJG04"
"Tina Smith","True","27/6/1980","Tina47221","fa4","AImsd65"
"Todd Williams","True","11/12/1998","Todd30790","fa4","kikDP34"
"Bradley Sharp","False","12/1/1997","Bradley30298","fa3","lJFyS76"
"Jacqueline Mccann","True","11/11/1955","Jacqueline20395","fa3","PdQBH08"
"Brian Barry","False","7/6/1953","Brian15772","fa4","drQKX42"
"Amanda Martinez","False","13/8/1940","Amanda20599","fa4","UbbWi00"
"Andre Wright","False","15/4/1949","Andre39876","fa4","BQrpX01"
"Nicole Mosley","False","1/10/1971","Nicole8560","fa1","lVsXh33"
"William Perry","False","9/8/1943","William9544","fa4","YmfoG88"
"Kristin Banks","True","3/12/1952","Kristin38217","fa3","QMTHk02"
"Erik Allen","False","11/2/1957","Erik19665","fa2","BmLWZ43"
