name,Registered,dob,id,position,group,faculty,password,campaign,promises,logoref
Robert Callahan,TRUE,29/03/1944,Robert41346,GSU Officers,GSU Officers group 3,fa3,Xlnbs97,Our wife phy,"Probably assume lot sort same itself. Inside later might management most.
Sister financial eight coach. Alone often fall ground data skin table. Position create again water.",
Kelly Martinez,TRUE,12/04/1967,Kelly11161,GSU Officers,GSU Officers group 3,fa3,qiJHi18,Anothe,"Red fine store list college. Somebody way senior financial.
Nature help your water relationship talk finally. Stop power radio consider officer head.",
Amanda Baker      ,TRUE      ,27/03/1973,Amanda47130     ,GSU Officers   ,GSU Officers group 3   ,fa3    ,zFUaA69 ,Tree change         ,City rather side how onto near catch. Serve protect baby student change. Must practice cell center.                                                                            ,
Mark Marsh        ,FALSE     ,25/04/1990,Mark3869        ,GSU Officers   ,GSU Officers group 2   ,fa4    ,HROmy21 ,Ready whose         ,"Skin soon day. Best chair sometimes both us. Summer term identify agent light.
Know teach staff former back. Hope technology best however respond however writer.
Fast institution attorney assume."                                                                                             ,
George Little     ,FALSE     ,05/07/2001,George28756     ,GSU Officers   ,GSU Officers group 2   ,fa4    ,xKSwk64 ,Leave occu          ,"Enough thank yet issue identify. Actually eat tree east.
Purpose stock position beautiful operation material this. Know herself executive feel daughter. Week attorney great church way."                                               ,
Morgan Beck       ,TRUE      ,16/02/1995,Morgan15008     ,GSU Officers   ,GSU Officers group 2   ,fa4    ,lSfAo33 ,Type follow space ch,"According quite skin democratic page. Top identify play charge. What weight hospital.
Work painting stay hear. Third over line identify product hair item. Imagine director move line."                                                                              ,
Michelle Luna     ,TRUE      ,01/11/1950,Michelle9201    ,GSU Officers   ,GSU Officers group 2   ,fa1    ,MnteP27 ,No response g       ,"Drive serve stuff despite ago. Between reality toward speak keep.
During project yes. Least between respond teach maybe fear outside."                                                                                                           ,
Jerry Rich        ,FALSE     ,13/08/1951,Jerry42433      ,GSU Officers   ,GSU Officers group 1   ,fa4    ,zAojk96 ,General arti        ,"Poor he laugh view civil. Church perhaps fine start can those.
Other develop later employee really move investment style. Example perhaps food six. Fall dream energy standard central."                                                      ,
Zachary Church    ,TRUE      ,10/07/1967,Zachary43312    ,GSU Officers   ,GSU Officers group 1   ,fa3    ,wUbOq99 ,Public r            ,Blue claim street program use call. Table process student line answer piece.                                                                                                   ,
Amy Baker         ,FALSE     ,15/05/1983,Amy10992        ,GSU Officers   ,GSU Officers group 1   ,fa3    ,kIBWD32 ,Physical betwe      ,"Four bring develop body learn business avoid. Occur physical group them inside smile.
Participant green move break game page property."                                                                                         ,
Benjamin Reid     ,FALSE     ,08/11/1952,Benjamin9660    ,GSU Officers   ,GSU Officers group 1   ,fa3    ,Qyxpr14 ,Reality discuss re  ,Near fish couple allow. Yeah provide right large end throw unit. Language player play authority yet as chance education. Expert like share effect.                             ,
Robert Smith      ,TRUE      ,27/03/1975,Robert10232     ,GSU Officers   ,GSU Officers group 0   ,fa2    ,XQasj91 ,Whether part        ,"Manage year head nearly. Where democratic peace information.
Second resource take thousand other actually financial. Discuss join actually far when whose. Send notice property short learn ground leg."                                    ,
Katherine Aguilar ,FALSE     ,02/04/1975,Katherine3917   ,President      ,President group 1      ,fa4    ,IlCvy92 ,Find realize exist  ,"Return whether yard system their food team long. Night war write compare board under glass.
Decade rock their beyond. Out statement task only my start. Professor bed blue paper key."                                                                                   ,
Kimberly Ball     ,FALSE     ,13/06/1948,Kimberly39      ,President      ,President group 1      ,fa4    ,tAoXc13 ,Often again research,Recent woman although prepare just in mouth even. Health mouth model item sing forget phone. Break what these born.                                                            ,
Nicholas King     ,FALSE     ,13/12/1956,Nicholas6548    ,President      ,President group 1      ,fa1    ,qaSMV40 ,Enter measure manage,"Commercial local gas drive sometimes ball week. Establish age Congress single water always carry.
Too actually perform maybe foreign however two. Owner walk conference be. Bar ask during force."                                                                             ,
Heather Garcia    ,TRUE      ,07/01/1956,Heather10159    ,President      ,President group 1      ,fa3    ,qBhLv84 ,Shoulder pl         ,Feel brother improve including month positive environment. Teach avoid miss trouble little day just. Person arm future cold. Produce say world despite until public Republican.,
Joshua Dunn       ,TRUE      ,07/01/1943,Joshua29613     ,Faculty Officer,Faculty Officer group 4,fa1    ,xtjBt99 ,Sense               ,Now bit social region. True finally each page. Rest another decade. Goal mind side official son once responsibility.                                                           ,
Brent Choi        ,TRUE      ,11/11/1958,Brent43793      ,Faculty Officer,Faculty Officer group 4,fa3    ,moKXu07 ,Main                ,"Model environment around western time my pressure.
To election end market agree name.
Sense born him back."                                                                                                                            ,
Johnathan Silva   ,FALSE     ,03/11/1958,Johnathan17009  ,Faculty Officer,Faculty Officer group 4,fa2    ,sYaxv70 ,Dream               ,Suddenly call road new up right decide. Together value computer me network. Participant pressure Mr station. Once wind grow set sometimes such policy doctor.                  ,
Christine Freeman ,FALSE     ,23/08/1981,Christine30115  ,Faculty Officer,Faculty Officer group 4,fa4    ,FeZJK80 ,Central drive c     ,"Clearly maintain parent war meet notice easy this. Voice bill everybody best seek. Writer shoulder us part.
Join first partner enter. Night factor writer argue small dog."                                                                   ,
Roberta Lawrence  ,TRUE      ,05/07/1999,Roberta12001    ,Faculty Officer,Faculty Officer group 4,fa3    ,yqciy99 ,Century b           ,"Like wrong later guy chair color argue near.
Town side yet make. While participant development cell respond.
Mouth fire base require. Single lay great."                                                                                                                ,
Matthew George    ,TRUE      ,23/02/1972,Matthew15647    ,Faculty Officer,Faculty Officer group 4,fa2    ,XcTyu25 ,Skill               ,"Card significant above worker young up information. Inside consider do special fine.
Successful he book hold. No open safe perhaps at many may.
Alone create audience left. Something above leg low."                                                                                          ,
Victor Russell    ,TRUE      ,11/01/1992,Victor25786     ,Faculty Officer,Faculty Officer group 4,fa2    ,xVRnl84 ,Particular if p     ,"My poor short smile personal party. Rise win view.
Reduce red room can you but box. Season coach seem wind civil point.
Improve brother past while. Leave feel run make. Every our pay."                                                                                                           ,
Lindsay Keller    ,TRUE      ,11/01/1970,Lindsay14220    ,Faculty Officer,Faculty Officer group 4,fa3    ,hIxRl91 ,List                ,"Special quite drug charge. Close coach standard evidence.
Inside book college purpose onto."                                                                                                                     ,
Colin Keller,FALSE,19/10/1952,Colin38334,Faculty Officer,Faculty Officer group 4,fa2,sAyns96,Building d,"Nothing after focus under really page dream. Loss face practice my network think hear him. Analysis treatment tree professional keep fire audience.
Deal process interesting town ever free office him.",
Mary Kennedy,TRUE,01/10/1946,Mary28497,Faculty Officer,Faculty Officer group 4,fa1,JUtOZ39,Senior,"Decision court money later.
Tv some style expect war set edge. Threat make stop save away project ahead.
Morning still partner media build hope account. Here movement pass say according.",
Carla Brown,TRUE,27/10/1965,Carla48391,Faculty Officer,Faculty Officer group 4,fa3,DQbSL64,Officer his do,"Reduce discuss tax vote most whole. Become we national tell see along continue. Place his attention still far. Can style skill race me.
Debate yet central back. Human born trade power authority hit.",
Nicole Hensley,FALSE,05/06/1956,Nicole1638,Faculty Officer,Faculty Officer group 3,fa2,BWrWL53,Fall team economy p,Management own prepare hotel yes. Rise they building six lay himself worker. During indicate present north.,
Denise White,FALSE,19/06/1973,Denise14593,Faculty Officer,Faculty Officer group 4,fa4,aFpho18,Measur,Good lose responsibility opportunity she present. Data not stage nation deep result others. Never avoid year memory reason win.,
Matthew Lopez,TRUE,21/09/1992,Matthew11489,Faculty Officer,Faculty Officer group 3,fa3,nYxNV33,Practice abo,"Bit baby management pick will personal. Visit side drive week anyone.
Call father second her.",
Peter Gonzalez,FALSE,04/02/1942,Peter27984,Faculty Officer,Faculty Officer group 3,fa3,AOLmR95,Choice t,"Happy with benefit or me skin. Of trouble series area everybody particular. Nice base cup.
Media risk across book thus. Since I discover at there. Market about tough there learn staff type.",
Deborah Cowan,TRUE,04/11/1980,Deborah22921,Faculty Officer,Faculty Officer group 3,fa2,syrUl60,Never choos,"Scientist throw decade. Player line relate marriage.
Those necessary data Mrs. History record air report evidence everybody.",
Lauren Cannon,TRUE,05/01/1996,Lauren2207,Faculty Officer,Faculty Officer group 3,fa2,BbUji98,Visit age voic,Middle rich city tell wonder during reveal. Character line down director. Cost fear care particular thousand fact.,
Robert Moore,TRUE,25/03/1961,Robert21742,Faculty Officer,Faculty Officer group 3,fa2,HaqKu86,Tv he west c,"Only white hold through yes. Final purpose herself other admit such newspaper.
Others course center most garden tell. Use every particularly real south.",
Heather Harvey,TRUE,05/09/1984,Heather14228,Faculty Officer,Faculty Officer group 3,fa3,NwMzS57,Edge item my f,"Hope add house air say. Friend artist toward like agreement then arrive. Tell control once role bar.
Economic blood sign agreement student. Actually ready leg myself drug.",
Michael Hall,TRUE,13/10/1945,Michael25263,Faculty Officer,Faculty Officer group 2,fa2,FjHQZ13,Until c,Yard board political listen night officer Congress. Mention control oil try age where. Modern nice official truth dinner.,
Alex Tran,TRUE,25/05/2000,Alex44459,Faculty Officer,Faculty Officer group 4,fa4,Wejtd32,Four fi,Town more amount service wish. Every pretty activity dark view fly Mr pull. Wife fly party put support.,
Taylor Arnold,FALSE,30/12/1978,Taylor49523,Faculty Officer,Faculty Officer group 4,fa4,NKEUK09,Allow wh,"Yes computer set movie nor what share. Purpose save positive full.
Five throw leader voice analysis. Their could window police technology win must.",
Ruth Wilson,FALSE,13/09/1966,Ruth13740,Faculty Officer,Faculty Officer group 2,fa2,qRUCm14,Season,"Deal box exist program. Seven piece national.
Report not give. Rise market receive wind prepare. Huge in page.",
Sarah Blankenship,TRUE,12/08/1997,Sarah28340,Faculty Officer,Faculty Officer group 2,fa2,pXTEX58,Say m,Remember small keep enough while. Put establish position brother movie question. Activity social clearly left firm.,
Crystal Velasquez,FALSE,17/10/1954,Crystal4535,Faculty Officer,Faculty Officer group 3,fa4,eHPKN25,Trial wife we drive,"Difference night huge.
Well interview career none data third. Technology unit seek note. College style community school. Line exist reason increase lay.",
Andrew Gould,TRUE,16/09/2000,Andrew7588,Faculty Officer,Faculty Officer group 3,fa3,IEgxu57,At reveal ,Draw learn follow much base. Chance agree various war fact. Ten you reflect research. Usually over others.,
Erin Gregory,TRUE,26/04/1969,Erin14177,Faculty Officer,Faculty Officer group 4,fa1,yzFIJ37,Probably rich conta,"Successful able same beyond letter west none. More deal no.
Send value low assume opportunity major operation. Debate south call general white remain together. On cut born even though.",
Amanda Hernandez,FALSE,20/01/1992,Amanda5725,Faculty Officer,Faculty Officer group 3,fa4,noKeu49,Economy politi,"Provide visit significant since Mr company phone protect. Edge trip power wife agreement person always.
This conference dog station fire. Serve end its.",
Christina Thompson,FALSE,16/07/1945,Christina28362,Faculty Officer,Faculty Officer group 2,fa2,aATjs20,Agency inside,"Pretty lot run material method common. Early even cultural medical.
Small their power onto participant fear. Fine item audience father air picture.",
Jessica Walker,FALSE,03/06/1984,Jessica22166,Faculty Officer,Faculty Officer group 4,fa1,UAXQy51,Key may task recogn,Summer meeting could seat. Explain magazine system southern machine begin. Compare wish growth teach.,
Kathleen Scott,FALSE,10/11/1976,Kathleen1556,Faculty Officer,Faculty Officer group 3,fa1,wHxvQ70,Soldier source plac,"Tree condition north dark.
Huge carry think well time service. Nothing true example. Place lead community fear again appear gas give. Special no rich.",
Elizabeth Chapman,FALSE,10/09/1985,Elizabeth31974,Faculty Officer,Faculty Officer group 3,fa1,FVcqw73,End none,Later compare place could. Trade understand benefit discuss firm subject baby without. Visit tax easy across top west.,
John Coleman,TRUE,04/12/1979,John39811,Faculty Officer,Faculty Officer group 3,fa4,YnXFX34,Assume ,Cover we task economic international conference final. Opportunity head win describe nation. Federal cover easy woman very. Order shoulder catch draw.,
Heather Kelly,FALSE,22/04/1983,Heather28286,Faculty Officer,Faculty Officer group 1,fa2,zbthV15,Doctor go en,"Early success identify interesting move mission operation.
Entire pattern officer civil. Condition how relate campaign travel. Middle doctor head.",
Tamara Romero,TRUE,19/07/1998,Tamara17727,Faculty Officer,Faculty Officer group 1,fa2,ulwYm11,Prepare,"Traditional political risk wonder throw. Control writer seven evidence strategy draw.
Environment someone mean program sell walk today generation. Onto building detail create.",
Christopher Morris,FALSE,23/01/1994,Christopher46896,Faculty Officer,Faculty Officer group 3,fa4,DZztA35,Per society officer ,Respond on page each language animal. Almost able treatment source.,
Cheyenne Foster,TRUE,30/09/1986,Cheyenne26812,Faculty Officer,Faculty Officer group 2,fa4,pCivt06,Will intern,"Key organization help marriage break decide national. Board again month though writer.
Miss director administration enjoy report. Environmental fill final front.",
Stacey Monroe,FALSE,18/05/1974,Stacey34264,Faculty Officer,Faculty Officer group 3,fa1,XTbPy05,Low foreign do,Anything talk ever discussion. Ever inside no oil town yet nearly. Teach score while.,
Ashley Anderson,FALSE,26/07/1988,Ashley22571,Faculty Officer,Faculty Officer group 1,fa2,EuzfC43,Source ris,Offer civil other young. Page before admit minute success. Later up focus political manage remain every.,
Michael Murray,FALSE,17/12/1950,Michael21628,Faculty Officer,Faculty Officer group 3,fa1,RWiun85,He resp,"Way again per dinner art. Professor meeting participant population poor expert baby.
Prove leader home. Staff who argue character talk week issue.",
Diane Blackburn,TRUE,25/05/1983,Diane17937,Faculty Officer,Faculty Officer group 2,fa1,ohpkk08,Stock a,Already short whose no recognize different. These dinner five sometimes. Ask age seek your old suggest others.,
Nicholas Wilcox,FALSE,08/01/1993,Nicholas6633,Faculty Officer,Faculty Officer group 2,fa3,bNyyW27,Now a,Everything task reflect almost out then since.,
Kirsten Jacobs,FALSE,22/07/1988,Kirsten44868,Faculty Officer,Faculty Officer group 2,fa4,QFwam19,Prepare far particu,Apply see suggest available crime industry. Middle government radio crime. Field positive whom body issue stage. A sound unit air close set player.,
Thomas Lynch,FALSE,08/09/1993,Thomas6100,Faculty Officer,Faculty Officer group 2,fa3,CBoZC36,Gun strong,"Head second drive control none. Involve relationship son. Source series event ever enter.
Speech anyone lot. Rock pattern debate contain theory growth drop. Win chance tend employee spring last.",
Brenda Smith,FALSE,30/06/1947,Brenda18755,Faculty Officer,Faculty Officer group 1,fa2,ywVPP55,Through sm,"Short officer Democrat charge. Success garden believe fast indicate chance child.
Much worry agency role suffer police.",
Mary Moore,TRUE,26/11/1961,Mary3026,Faculty Officer,Faculty Officer group 2,fa3,nSjeG18,Parent h,Black rise skill here need pull coach. Alone front sell itself. Important medical sing senior few.,
Jennifer Allen,FALSE,03/06/1972,Jennifer19542,Faculty Officer,Faculty Officer group 2,fa3,TSFub83,Behind ,How throughout medical. Social discuss technology girl. Quite issue region school.,
Angel Thornton,FALSE,10/05/1970,Angel42603,Faculty Officer,Faculty Officer group 1,fa3,mnnVw73,Investment carry a,"Reflect future least great arrive. Something speak despite center.
Security radio pull future ever set. Church air maintain successful. Take level avoid ok mouth off environmental.",
Jason Combs,FALSE,14/02/1960,Jason41867,Faculty Officer,Faculty Officer group 2,fa4,iCKvU23,Join ,Suffer center experience total surface all. Sense sit bit process. Effort support sound every huge.,
Jessica Smith,FALSE,09/12/1971,Jessica32544,Faculty Officer,Faculty Officer group 1,fa3,sKYBO77,Usually hous,"Key service camera billion. Difficult affect wind open role surface perhaps pressure.
Develop model service. Stay nature know include. With focus candidate bank.",
Angel Becker,FALSE,01/05/2001,Angel31035,Faculty Officer,Faculty Officer group 2,fa4,opMLx44,So year child pre,"Represent catch our fund dog idea. Recognize student night song stay well consider couple. Something forget into let respond result different.
Skin course bit. Moment anyone produce respond land.",
Renee Logan,TRUE,15/09/1992,Renee39723,Faculty Officer,Faculty Officer group 1,fa3,HQXqE00,Cup me,Sport carry exactly tough his thing western. Movement build happy body want stage. Short toward either wish training culture training.,
Daniel French,FALSE,10/05/1989,Daniel49764,Faculty Officer,Faculty Officer group 1,fa3,kYPuZ95,Hand step,Business purpose raise wide. Us morning event reduce hot perhaps clear simple. Woman security huge method guess. Truth truth decide push.,
Christopher Brewer,TRUE,21/02/1994,Christopher25432,Faculty Officer,Faculty Officer group 1,fa4,vksPb89,Food board pa,"Message audience life enjoy. Pass fact choice area whatever.
Herself activity toward dinner meeting. Store hand term building side set race.",
Melinda Williams,FALSE,15/08/1995,Melinda49554,Faculty Officer,Faculty Officer group 1,fa4,BfrVi32,Him natur,"Detail campaign recent. Field clearly million star today daughter. Organization shake can family.
Art much property anything police bad. School often computer close country sport very wear.",
Tony Sims,FALSE,29/05/1941,Tony28527,Faculty Officer,Faculty Officer group 2,fa1,ZrRZL95,Poor model a,"Read front indeed indeed blue media. Meeting never source know believe far.
There meet threat arrive high become. Long letter left focus authority produce. Event trade exist exist decade public.",
Linda Hudson,TRUE,07/01/1958,Linda22849,Faculty Officer,Faculty Officer group 1,fa4,PAXlF51,Medical field ,Situation long enjoy without share also color. Police beyond hold. Commercial whole organization beat fact easy time share. Difficult from win better offer show office.,
Jason Horton,FALSE,20/04/1991,Jason23568,Faculty Officer,Faculty Officer group 2,fa1,gifwI69,Politics re,Challenge letter investment single main surface treat official. On break century able at imagine draw. Today short away land along.,
Dennis Chang,TRUE,02/05/1969,Dennis3252,Faculty Officer,Faculty Officer group 1,fa4,InQzU23,He no,Decade somebody pay medical. Think set ten draw exactly. Fast usually truth thank project president. Church appear traditional senior tend edge.,
Marcus Rhodes,FALSE,17/09/1973,Marcus12242,Faculty Officer,Faculty Officer group 2,fa1,mJfkS23,Note w,Article sound other grow discussion recent answer. Center course behind.,
David Gay,FALSE,19/08/1969,David26046,Faculty Officer,Faculty Officer group 1,fa1,JOIAT85,Realize co,"Tax serious listen clear. National art him off plant.
Hear force beyond tonight they. Long culture cover return purpose phone card ask.",
Sara Campbell,FALSE,01/10/1959,Sara39423,Faculty Officer,Faculty Officer group 1,fa1,NLfxT10,Play ,"Art control yourself. While personal scientist piece.
President next truth history. Product sister style size firm.
Return week feeling require throughout. On memory example down fire entire.",
Tyler Terrell,FALSE,23/03/1943,Tyler41112,Faculty Officer,Faculty Officer group 1,fa1,JjkqG83,No phys,"Yeah move local president article.
Still future shake remain. Whatever sure down end. Different here continue lot citizen prevent teacher.",
April Johnson,FALSE,24/02/1969,April49001,Faculty Officer,Faculty Officer group 1,fa1,ytrSk75,Prepare matte,"Oil social pressure station medical. Always discover huge hear film degree.
Generation staff forward. Respond field financial interest treatment citizen final mission.",
